"","codelist_name","snomed_concept_id","description","year","usage","prop_usage","snomed_code_description","name_lab"
"1","gestational_diabetes","11687002","Gestational diabetes mellitus (disorder)","2011",31030,1,"11687002 - Gestational diabetes mellitus (disorder)",NA
"2","gestational_diabetes","11687002","Gestational diabetes mellitus (disorder)","2012",36040,1,"11687002 - Gestational diabetes mellitus (disorder)",NA
"3","gestational_diabetes","11687002","Gestational diabetes mellitus (disorder)","2013",39510,1,"11687002 - Gestational diabetes mellitus (disorder)",NA
"4","gestational_diabetes","11687002","Gestational diabetes mellitus (disorder)","2014",44850,1,"11687002 - Gestational diabetes mellitus (disorder)",NA
"5","gestational_diabetes","11687002","Gestational diabetes mellitus (disorder)","2015",52360,1,"11687002 - Gestational diabetes mellitus (disorder)",NA
"6","gestational_diabetes","11687002","Gestational diabetes mellitus (disorder)","2016",65930,1,"11687002 - Gestational diabetes mellitus (disorder)",NA
"7","gestational_diabetes","11687002","Gestational diabetes mellitus (disorder)","2017",73470,1,"11687002 - Gestational diabetes mellitus (disorder)",NA
"8","gestational_diabetes","11687002","Gestational diabetes mellitus (disorder)","2018",81020,0.99901356350185,"11687002 - Gestational diabetes mellitus (disorder)",NA
"9","gestational_diabetes","11687002","Gestational diabetes mellitus (disorder)","2019",84830,0.998234878795011,"11687002 - Gestational diabetes mellitus (disorder)",NA
"10","gestational_diabetes","11687002","Gestational diabetes mellitus (disorder)","2020",101010,0.99777744851089,"11687002 - Gestational diabetes mellitus (disorder)",NA
"11","gestational_diabetes","11687002","Gestational diabetes mellitus (disorder)","2021",114000,0.997768150190364,"11687002 - Gestational diabetes mellitus (disorder)",NA
"12","gestational_diabetes","11687002","Gestational diabetes mellitus (disorder)","2022",127080,0.997723168721049,"11687002 - Gestational diabetes mellitus (disorder)",NA
"13","gestational_diabetes","11687002","Gestational diabetes mellitus (disorder)","2023",145510,0.997463668768851,"11687002 - Gestational diabetes mellitus (disorder)","11687002 - Gestational diabetes mellitus (disorder)"
"14","gestational_diabetes","40791000119105","Postpartum gestational diabetes mellitus (disorder)","2018",40,0.000493218249075216,"40791000119105 - Postpartum gestational diabetes mellitus (disorder)",NA
"15","gestational_diabetes","40791000119105","Postpartum gestational diabetes mellitus (disorder)","2019",50,0.00058837373499647,"40791000119105 - Postpartum gestational diabetes mellitus (disorder)",NA
"16","gestational_diabetes","40791000119105","Postpartum gestational diabetes mellitus (disorder)","2020",80,0.000790240529461155,"40791000119105 - Postpartum gestational diabetes mellitus (disorder)",NA
"17","gestational_diabetes","40791000119105","Postpartum gestational diabetes mellitus (disorder)","2021",100,0.000875235219465231,"40791000119105 - Postpartum gestational diabetes mellitus (disorder)",NA
"18","gestational_diabetes","40791000119105","Postpartum gestational diabetes mellitus (disorder)","2022",110,0.000863625657533171,"40791000119105 - Postpartum gestational diabetes mellitus (disorder)",NA
"19","gestational_diabetes","40791000119105","Postpartum gestational diabetes mellitus (disorder)","2023",160,0.00109679188374006,"40791000119105 - Postpartum gestational diabetes mellitus (disorder)","40791000119105 - Postpartum gestational diabetes mellitus (disorder)"
"20","gestational_diabetes","40801000119106","Gestational diabetes mellitus complicating pregnancy (disorder)","2018",30,0.000369913686806412,"40801000119106 - Gestational diabetes mellitus complicating pregnancy (disorder)",NA
"21","gestational_diabetes","40801000119106","Gestational diabetes mellitus complicating pregnancy (disorder)","2019",80,0.000941397975994352,"40801000119106 - Gestational diabetes mellitus complicating pregnancy (disorder)",NA
"22","gestational_diabetes","40801000119106","Gestational diabetes mellitus complicating pregnancy (disorder)","2020",130,0.00128414086037438,"40801000119106 - Gestational diabetes mellitus complicating pregnancy (disorder)",NA
"23","gestational_diabetes","40801000119106","Gestational diabetes mellitus complicating pregnancy (disorder)","2021",140,0.00122532930725132,"40801000119106 - Gestational diabetes mellitus complicating pregnancy (disorder)",NA
"24","gestational_diabetes","40801000119106","Gestational diabetes mellitus complicating pregnancy (disorder)","2022",170,0.00133469419800581,"40801000119106 - Gestational diabetes mellitus complicating pregnancy (disorder)",NA
"25","gestational_diabetes","40801000119106","Gestational diabetes mellitus complicating pregnancy (disorder)","2023",170,0.00116534137647381,"40801000119106 - Gestational diabetes mellitus complicating pregnancy (disorder)","40801000119106 - Gestational diabetes mellitus complicating pregnancy (disorder)"
"26","gestational_diabetes","46894009","Gestational diabetes mellitus class A2 (disorder)","2023",10,6.85494927337538e-05,"46894009 - Gestational diabetes mellitus class A2 (disorder)","46894009 - Gestational diabetes mellitus class A2 (disorder)"
"27","gestational_diabetes","46894009","Gestational diabetes mellitus, class A>2< (disorder)","2018",5,6.1652281134402e-05,"46894009 - Gestational diabetes mellitus, class A>2< (disorder)",NA
"28","gestational_diabetes","46894009","Gestational diabetes mellitus, class A>2< (disorder)","2019",10,0.000117674746999294,"46894009 - Gestational diabetes mellitus, class A>2< (disorder)",NA
"29","gestational_diabetes","46894009","Gestational diabetes mellitus, class A>2< (disorder)","2020",5,4.93900330913222e-05,"46894009 - Gestational diabetes mellitus, class A>2< (disorder)",NA
"30","gestational_diabetes","46894009","Gestational diabetes mellitus, class A>2< (disorder)","2021",5,4.37617609732616e-05,"46894009 - Gestational diabetes mellitus, class A>2< (disorder)",NA
"31","gestational_diabetes","75022004","Gestational diabetes mellitus class A1 (disorder)","2022",10,7.85114234121065e-05,"75022004 - Gestational diabetes mellitus class A1 (disorder)",NA
"32","gestational_diabetes","75022004","Gestational diabetes mellitus class A1 (disorder)","2023",30,0.000205648478201261,"75022004 - Gestational diabetes mellitus class A1 (disorder)","75022004 - Gestational diabetes mellitus class A1 (disorder)"
"33","gestational_diabetes","75022004","Gestational diabetes mellitus, class A>1< (disorder)","2018",5,6.1652281134402e-05,"75022004 - Gestational diabetes mellitus, class A>1< (disorder)",NA
"34","gestational_diabetes","75022004","Gestational diabetes mellitus, class A>1< (disorder)","2019",10,0.000117674746999294,"75022004 - Gestational diabetes mellitus, class A>1< (disorder)",NA
"35","gestational_diabetes","75022004","Gestational diabetes mellitus, class A>1< (disorder)","2020",10,9.87800661826443e-05,"75022004 - Gestational diabetes mellitus, class A>1< (disorder)",NA
"36","gestational_diabetes","75022004","Gestational diabetes mellitus, class A>1< (disorder)","2021",10,8.75235219465231e-05,"75022004 - Gestational diabetes mellitus, class A>1< (disorder)",NA
"37","gestational_hypertension","15938005","Eclampsia (disorder)","2011",250,0.0172057811424639,"15938005 - Eclampsia (disorder)",NA
"38","gestational_hypertension","15938005","Eclampsia (disorder)","2012",170,0.0112433862433862,"15938005 - Eclampsia (disorder)",NA
"39","gestational_hypertension","15938005","Eclampsia (disorder)","2013",210,0.014014014014014,"15938005 - Eclampsia (disorder)",NA
"40","gestational_hypertension","15938005","Eclampsia (disorder)","2014",190,0.011923438970819,"15938005 - Eclampsia (disorder)",NA
"41","gestational_hypertension","15938005","Eclampsia (disorder)","2015",250,0.0139082058414465,"15938005 - Eclampsia (disorder)",NA
"42","gestational_hypertension","15938005","Eclampsia (disorder)","2016",270,0.0133597229094508,"15938005 - Eclampsia (disorder)",NA
"43","gestational_hypertension","15938005","Eclampsia (disorder)","2017",280,0.0132921908378827,"15938005 - Eclampsia (disorder)",NA
"44","gestational_hypertension","15938005","Eclampsia (disorder)","2018",290,0.0142087212150906,"15938005 - Eclampsia (disorder)",NA
"45","gestational_hypertension","15938005","Eclampsia (disorder)","2019",280,0.0127504553734062,"15938005 - Eclampsia (disorder)",NA
"46","gestational_hypertension","15938005","Eclampsia (disorder)","2020",280,0.0103206782159971,"15938005 - Eclampsia (disorder)",NA
"47","gestational_hypertension","15938005","Eclampsia (disorder)","2021",300,0.010387811634349,"15938005 - Eclampsia (disorder)",NA
"48","gestational_hypertension","15938005","Eclampsia (disorder)","2022",330,0.0109289617486339,"15938005 - Eclampsia (disorder)",NA
"49","gestational_hypertension","15938005","Eclampsia (disorder)","2023",290,0.00858242083456644,"15938005 - Eclampsia (disorder)","15938005 - Eclampsia (disorder)"
"50","gestational_hypertension","198942000","Benign essential hypertension complicating pregnancy, childbirth and the puerperium (disorder)","2011",250,0.0172057811424639,"198942000 - Benign essential hypertension complicating pregnancy, childbirth and the puerperium (disorder)",NA
"51","gestational_hypertension","198942000","Benign essential hypertension complicating pregnancy, childbirth and the puerperium (disorder)","2012",270,0.0178571428571429,"198942000 - Benign essential hypertension complicating pregnancy, childbirth and the puerperium (disorder)",NA
"52","gestational_hypertension","198942000","Benign essential hypertension complicating pregnancy, childbirth and the puerperium (disorder)","2013",210,0.014014014014014,"198942000 - Benign essential hypertension complicating pregnancy, childbirth and the puerperium (disorder)",NA
"53","gestational_hypertension","198942000","Benign essential hypertension complicating pregnancy, childbirth and the puerperium (disorder)","2014",310,0.0194540320050204,"198942000 - Benign essential hypertension complicating pregnancy, childbirth and the puerperium (disorder)",NA
"54","gestational_hypertension","198942000","Benign essential hypertension complicating pregnancy, childbirth and the puerperium (disorder)","2015",280,0.01557719054242,"198942000 - Benign essential hypertension complicating pregnancy, childbirth and the puerperium (disorder)",NA
"55","gestational_hypertension","198942000","Benign essential hypertension complicating pregnancy, childbirth and the puerperium (disorder)","2016",350,0.0173181593270658,"198942000 - Benign essential hypertension complicating pregnancy, childbirth and the puerperium (disorder)",NA
"56","gestational_hypertension","198942000","Benign essential hypertension complicating pregnancy, childbirth and the puerperium (disorder)","2017",310,0.0147163541419416,"198942000 - Benign essential hypertension complicating pregnancy, childbirth and the puerperium (disorder)",NA
"57","gestational_hypertension","198942000","Benign essential hypertension complicating pregnancy, childbirth and the puerperium (disorder)","2018",320,0.0156785889269966,"198942000 - Benign essential hypertension complicating pregnancy, childbirth and the puerperium (disorder)",NA
"58","gestational_hypertension","198942000","Benign essential hypertension complicating pregnancy, childbirth and the puerperium (disorder)","2019",220,0.0100182149362477,"198942000 - Benign essential hypertension complicating pregnancy, childbirth and the puerperium (disorder)",NA
"59","gestational_hypertension","198942000","Benign essential hypertension complicating pregnancy, childbirth and the puerperium (disorder)","2020",170,0.0062661260597125,"198942000 - Benign essential hypertension complicating pregnancy, childbirth and the puerperium (disorder)",NA
"60","gestational_hypertension","198942000","Benign essential hypertension complicating pregnancy, childbirth and the puerperium (disorder)","2021",180,0.00623268698060942,"198942000 - Benign essential hypertension complicating pregnancy, childbirth and the puerperium (disorder)",NA
"61","gestational_hypertension","198942000","Benign essential hypertension complicating pregnancy, childbirth and the puerperium (disorder)","2022",170,0.0056300712038417,"198942000 - Benign essential hypertension complicating pregnancy, childbirth and the puerperium (disorder)",NA
"62","gestational_hypertension","198942000","Benign essential hypertension complicating pregnancy, childbirth and the puerperium (disorder)","2023",140,0.00414323764427345,"198942000 - Benign essential hypertension complicating pregnancy, childbirth and the puerperium (disorder)","198942000 - Benign essential hypertension complicating pregnancy, childbirth and the puerperium (disorder)"
"63","gestational_hypertension","198944004","Benign essential hypertension complicating pregnancy, childbirth and the puerperium - delivered (disorder)","2011",10,0.000688231245698555,"198944004 - Benign essential hypertension complicating pregnancy, childbirth and the puerperium - delivered (disorder)",NA
"64","gestational_hypertension","198944004","Benign essential hypertension complicating pregnancy, childbirth and the puerperium - delivered (disorder)","2012",10,0.000661375661375661,"198944004 - Benign essential hypertension complicating pregnancy, childbirth and the puerperium - delivered (disorder)",NA
"65","gestational_hypertension","198944004","Benign essential hypertension complicating pregnancy, childbirth and the puerperium - delivered (disorder)","2013",70,0.00467133800467134,"198944004 - Benign essential hypertension complicating pregnancy, childbirth and the puerperium - delivered (disorder)",NA
"66","gestational_hypertension","198944004","Benign essential hypertension complicating pregnancy, childbirth and the puerperium - delivered (disorder)","2014",210,0.0131785378098525,"198944004 - Benign essential hypertension complicating pregnancy, childbirth and the puerperium - delivered (disorder)",NA
"67","gestational_hypertension","198944004","Benign essential hypertension complicating pregnancy, childbirth and the puerperium - delivered (disorder)","2015",190,0.0105702364394993,"198944004 - Benign essential hypertension complicating pregnancy, childbirth and the puerperium - delivered (disorder)",NA
"68","gestational_hypertension","198944004","Benign essential hypertension complicating pregnancy, childbirth and the puerperium - delivered (disorder)","2016",180,0.00890648193963384,"198944004 - Benign essential hypertension complicating pregnancy, childbirth and the puerperium - delivered (disorder)",NA
"69","gestational_hypertension","198944004","Benign essential hypertension complicating pregnancy, childbirth and the puerperium - delivered (disorder)","2017",160,0.00759553762164728,"198944004 - Benign essential hypertension complicating pregnancy, childbirth and the puerperium - delivered (disorder)",NA
"70","gestational_hypertension","198944004","Benign essential hypertension complicating pregnancy, childbirth and the puerperium - delivered (disorder)","2018",180,0.00881920627143557,"198944004 - Benign essential hypertension complicating pregnancy, childbirth and the puerperium - delivered (disorder)",NA
"71","gestational_hypertension","198944004","Benign essential hypertension complicating pregnancy, childbirth and the puerperium - delivered (disorder)","2019",120,0.00546448087431694,"198944004 - Benign essential hypertension complicating pregnancy, childbirth and the puerperium - delivered (disorder)",NA
"72","gestational_hypertension","198944004","Benign essential hypertension complicating pregnancy, childbirth and the puerperium - delivered (disorder)","2020",40,0.00147438260228529,"198944004 - Benign essential hypertension complicating pregnancy, childbirth and the puerperium - delivered (disorder)",NA
"73","gestational_hypertension","198944004","Benign essential hypertension complicating pregnancy, childbirth and the puerperium - delivered (disorder)","2021",50,0.00173130193905817,"198944004 - Benign essential hypertension complicating pregnancy, childbirth and the puerperium - delivered (disorder)",NA
"74","gestational_hypertension","198944004","Benign essential hypertension complicating pregnancy, childbirth and the puerperium - delivered (disorder)","2022",60,0.00198708395429707,"198944004 - Benign essential hypertension complicating pregnancy, childbirth and the puerperium - delivered (disorder)",NA
"75","gestational_hypertension","198944004","Benign essential hypertension complicating pregnancy, childbirth and the puerperium - delivered (disorder)","2023",40,0.00118378218407813,"198944004 - Benign essential hypertension complicating pregnancy, childbirth and the puerperium - delivered (disorder)","198944004 - Benign essential hypertension complicating pregnancy, childbirth and the puerperium - delivered (disorder)"
"76","gestational_hypertension","198968007","Transient hypertension of pregnancy with postnatal complication (disorder)","2011",50,0.00344115622849277,"198968007 - Transient hypertension of pregnancy with postnatal complication (disorder)",NA
"77","gestational_hypertension","198968007","Transient hypertension of pregnancy with postnatal complication (disorder)","2012",70,0.00462962962962963,"198968007 - Transient hypertension of pregnancy with postnatal complication (disorder)",NA
"78","gestational_hypertension","198968007","Transient hypertension of pregnancy with postnatal complication (disorder)","2013",90,0.00600600600600601,"198968007 - Transient hypertension of pregnancy with postnatal complication (disorder)",NA
"79","gestational_hypertension","198968007","Transient hypertension of pregnancy with postnatal complication (disorder)","2014",120,0.00753059303420144,"198968007 - Transient hypertension of pregnancy with postnatal complication (disorder)",NA
"80","gestational_hypertension","198968007","Transient hypertension of pregnancy with postnatal complication (disorder)","2015",150,0.00834492350486787,"198968007 - Transient hypertension of pregnancy with postnatal complication (disorder)",NA
"81","gestational_hypertension","198968007","Transient hypertension of pregnancy with postnatal complication (disorder)","2016",180,0.00890648193963384,"198968007 - Transient hypertension of pregnancy with postnatal complication (disorder)",NA
"82","gestational_hypertension","198968007","Transient hypertension of pregnancy with postnatal complication (disorder)","2017",150,0.00712081652029433,"198968007 - Transient hypertension of pregnancy with postnatal complication (disorder)",NA
"83","gestational_hypertension","198968007","Transient hypertension of pregnancy with postnatal complication (disorder)","2018",160,0.00783929446349829,"198968007 - Transient hypertension of pregnancy with postnatal complication (disorder)",NA
"84","gestational_hypertension","198968007","Transient hypertension of pregnancy with postnatal complication (disorder)","2019",130,0.00591985428051002,"198968007 - Transient hypertension of pregnancy with postnatal complication (disorder)",NA
"85","gestational_hypertension","198968007","Transient hypertension of pregnancy with postnatal complication (disorder)","2020",90,0.00331736085514191,"198968007 - Transient hypertension of pregnancy with postnatal complication (disorder)",NA
"86","gestational_hypertension","198968007","Transient hypertension of pregnancy with postnatal complication (disorder)","2021",110,0.00380886426592798,"198968007 - Transient hypertension of pregnancy with postnatal complication (disorder)",NA
"87","gestational_hypertension","198968007","Transient hypertension of pregnancy with postnatal complication (disorder)","2022",50,0.00165590329524756,"198968007 - Transient hypertension of pregnancy with postnatal complication (disorder)",NA
"88","gestational_hypertension","198968007","Transient hypertension of pregnancy with postnatal complication (disorder)","2023",100,0.00295945546019532,"198968007 - Transient hypertension of pregnancy with postnatal complication (disorder)","198968007 - Transient hypertension of pregnancy with postnatal complication (disorder)"
"89","gestational_hypertension","198983002","Severe pre-eclampsia - delivered (disorder)","2011",240,0.0165175498967653,"198983002 - Severe pre-eclampsia - delivered (disorder)",NA
"90","gestational_hypertension","198983002","Severe pre-eclampsia - delivered (disorder)","2012",230,0.0152116402116402,"198983002 - Severe pre-eclampsia - delivered (disorder)",NA
"91","gestational_hypertension","198983002","Severe pre-eclampsia - delivered (disorder)","2013",180,0.012012012012012,"198983002 - Severe pre-eclampsia - delivered (disorder)",NA
"92","gestational_hypertension","198983002","Severe pre-eclampsia - delivered (disorder)","2014",150,0.0094132412927518,"198983002 - Severe pre-eclampsia - delivered (disorder)",NA
"93","gestational_hypertension","198983002","Severe pre-eclampsia - delivered (disorder)","2015",180,0.0100139082058414,"198983002 - Severe pre-eclampsia - delivered (disorder)",NA
"94","gestational_hypertension","198983002","Severe pre-eclampsia - delivered (disorder)","2016",240,0.0118753092528451,"198983002 - Severe pre-eclampsia - delivered (disorder)",NA
"95","gestational_hypertension","198983002","Severe pre-eclampsia - delivered (disorder)","2017",200,0.0094944220270591,"198983002 - Severe pre-eclampsia - delivered (disorder)",NA
"96","gestational_hypertension","198983002","Severe pre-eclampsia - delivered (disorder)","2018",190,0.00930916217540421,"198983002 - Severe pre-eclampsia - delivered (disorder)",NA
"97","gestational_hypertension","198983002","Severe pre-eclampsia - delivered (disorder)","2019",160,0.00728597449908925,"198983002 - Severe pre-eclampsia - delivered (disorder)",NA
"98","gestational_hypertension","198983002","Severe pre-eclampsia - delivered (disorder)","2020",180,0.00663472171028382,"198983002 - Severe pre-eclampsia - delivered (disorder)",NA
"99","gestational_hypertension","198983002","Severe pre-eclampsia - delivered (disorder)","2021",160,0.00554016620498615,"198983002 - Severe pre-eclampsia - delivered (disorder)",NA
"100","gestational_hypertension","198983002","Severe pre-eclampsia - delivered (disorder)","2022",170,0.0056300712038417,"198983002 - Severe pre-eclampsia - delivered (disorder)",NA
"101","gestational_hypertension","198983002","Severe pre-eclampsia - delivered (disorder)","2023",120,0.00355134655223439,"198983002 - Severe pre-eclampsia - delivered (disorder)","198983002 - Severe pre-eclampsia - delivered (disorder)"
"102","gestational_hypertension","198992004","Eclampsia in pregnancy (disorder)","2011",940,0.0646937370956641,"198992004 - Eclampsia in pregnancy (disorder)",NA
"103","gestational_hypertension","198992004","Eclampsia in pregnancy (disorder)","2012",890,0.0588624338624339,"198992004 - Eclampsia in pregnancy (disorder)",NA
"104","gestational_hypertension","198992004","Eclampsia in pregnancy (disorder)","2013",1110,0.0740740740740741,"198992004 - Eclampsia in pregnancy (disorder)",NA
"105","gestational_hypertension","198992004","Eclampsia in pregnancy (disorder)","2014",1450,0.0909946658299341,"198992004 - Eclampsia in pregnancy (disorder)",NA
"106","gestational_hypertension","198992004","Eclampsia in pregnancy (disorder)","2015",1540,0.0856745479833102,"198992004 - Eclampsia in pregnancy (disorder)",NA
"107","gestational_hypertension","198992004","Eclampsia in pregnancy (disorder)","2016",1600,0.0791687283523008,"198992004 - Eclampsia in pregnancy (disorder)",NA
"108","gestational_hypertension","198992004","Eclampsia in pregnancy (disorder)","2017",1720,0.0816520294327083,"198992004 - Eclampsia in pregnancy (disorder)",NA
"109","gestational_hypertension","198992004","Eclampsia in pregnancy (disorder)","2018",1600,0.0783929446349829,"198992004 - Eclampsia in pregnancy (disorder)",NA
"110","gestational_hypertension","198992004","Eclampsia in pregnancy (disorder)","2019",1290,0.0587431693989071,"198992004 - Eclampsia in pregnancy (disorder)",NA
"111","gestational_hypertension","198992004","Eclampsia in pregnancy (disorder)","2020",1190,0.0438628824179875,"198992004 - Eclampsia in pregnancy (disorder)",NA
"112","gestational_hypertension","198992004","Eclampsia in pregnancy (disorder)","2021",1190,0.0412049861495845,"198992004 - Eclampsia in pregnancy (disorder)",NA
"113","gestational_hypertension","198992004","Eclampsia in pregnancy (disorder)","2022",1320,0.0437158469945355,"198992004 - Eclampsia in pregnancy (disorder)",NA
"114","gestational_hypertension","198992004","Eclampsia in pregnancy (disorder)","2023",1330,0.0393607576205978,"198992004 - Eclampsia in pregnancy (disorder)","198992004 - Eclampsia in pregnancy (disorder)"
"115","gestational_hypertension","237279007","Transient hypertension of pregnancy (disorder)","2011",2340,0.161046111493462,"237279007 - Transient hypertension of pregnancy (disorder)",NA
"116","gestational_hypertension","237279007","Transient hypertension of pregnancy (disorder)","2012",2020,0.133597883597884,"237279007 - Transient hypertension of pregnancy (disorder)",NA
"117","gestational_hypertension","237279007","Transient hypertension of pregnancy (disorder)","2013",1750,0.116783450116783,"237279007 - Transient hypertension of pregnancy (disorder)",NA
"118","gestational_hypertension","237279007","Transient hypertension of pregnancy (disorder)","2014",1830,0.114841543771572,"237279007 - Transient hypertension of pregnancy (disorder)",NA
"119","gestational_hypertension","237279007","Transient hypertension of pregnancy (disorder)","2015",2360,0.131293463143255,"237279007 - Transient hypertension of pregnancy (disorder)",NA
"120","gestational_hypertension","237279007","Transient hypertension of pregnancy (disorder)","2016",2390,0.118258287976249,"237279007 - Transient hypertension of pregnancy (disorder)",NA
"121","gestational_hypertension","237279007","Transient hypertension of pregnancy (disorder)","2017",2470,0.11725611203418,"237279007 - Transient hypertension of pregnancy (disorder)",NA
"122","gestational_hypertension","237279007","Transient hypertension of pregnancy (disorder)","2018",2320,0.113669769720725,"237279007 - Transient hypertension of pregnancy (disorder)",NA
"123","gestational_hypertension","237279007","Transient hypertension of pregnancy (disorder)","2019",1450,0.0660291438979964,"237279007 - Transient hypertension of pregnancy (disorder)",NA
"124","gestational_hypertension","237279007","Transient hypertension of pregnancy (disorder)","2020",1370,0.0504976041282713,"237279007 - Transient hypertension of pregnancy (disorder)",NA
"125","gestational_hypertension","237279007","Transient hypertension of pregnancy (disorder)","2021",1470,0.0509002770083102,"237279007 - Transient hypertension of pregnancy (disorder)",NA
"126","gestational_hypertension","237279007","Transient hypertension of pregnancy (disorder)","2022",1630,0.0539824474250704,"237279007 - Transient hypertension of pregnancy (disorder)",NA
"127","gestational_hypertension","237279007","Transient hypertension of pregnancy (disorder)","2023",1930,0.0571174903817698,"237279007 - Transient hypertension of pregnancy (disorder)","237279007 - Transient hypertension of pregnancy (disorder)"
"128","gestational_hypertension","237281009","Moderate proteinuric hypertension of pregnancy (disorder)","2011",240,0.0165175498967653,"237281009 - Moderate proteinuric hypertension of pregnancy (disorder)",NA
"129","gestational_hypertension","237281009","Moderate proteinuric hypertension of pregnancy (disorder)","2012",220,0.0145502645502645,"237281009 - Moderate proteinuric hypertension of pregnancy (disorder)",NA
"130","gestational_hypertension","237281009","Moderate proteinuric hypertension of pregnancy (disorder)","2013",130,0.00867534200867534,"237281009 - Moderate proteinuric hypertension of pregnancy (disorder)",NA
"131","gestational_hypertension","237281009","Moderate proteinuric hypertension of pregnancy (disorder)","2014",120,0.00753059303420144,"237281009 - Moderate proteinuric hypertension of pregnancy (disorder)",NA
"132","gestational_hypertension","237281009","Moderate proteinuric hypertension of pregnancy (disorder)","2015",130,0.00723226703755216,"237281009 - Moderate proteinuric hypertension of pregnancy (disorder)",NA
"133","gestational_hypertension","237281009","Moderate proteinuric hypertension of pregnancy (disorder)","2016",150,0.0074220682830282,"237281009 - Moderate proteinuric hypertension of pregnancy (disorder)",NA
"134","gestational_hypertension","237281009","Moderate proteinuric hypertension of pregnancy (disorder)","2017",120,0.00569665321623546,"237281009 - Moderate proteinuric hypertension of pregnancy (disorder)",NA
"135","gestational_hypertension","237281009","Moderate proteinuric hypertension of pregnancy (disorder)","2018",110,0.00538951494365507,"237281009 - Moderate proteinuric hypertension of pregnancy (disorder)",NA
"136","gestational_hypertension","237281009","Moderate proteinuric hypertension of pregnancy (disorder)","2019",110,0.00500910746812386,"237281009 - Moderate proteinuric hypertension of pregnancy (disorder)",NA
"137","gestational_hypertension","237281009","Moderate proteinuric hypertension of pregnancy (disorder)","2020",100,0.00368595650571323,"237281009 - Moderate proteinuric hypertension of pregnancy (disorder)",NA
"138","gestational_hypertension","237281009","Moderate proteinuric hypertension of pregnancy (disorder)","2021",110,0.00380886426592798,"237281009 - Moderate proteinuric hypertension of pregnancy (disorder)",NA
"139","gestational_hypertension","237281009","Moderate proteinuric hypertension of pregnancy (disorder)","2022",120,0.00397416790859414,"237281009 - Moderate proteinuric hypertension of pregnancy (disorder)",NA
"140","gestational_hypertension","237281009","Moderate proteinuric hypertension of pregnancy (disorder)","2023",90,0.00266350991417579,"237281009 - Moderate proteinuric hypertension of pregnancy (disorder)","237281009 - Moderate proteinuric hypertension of pregnancy (disorder)"
"141","gestational_hypertension","398254007","Pre-eclampsia (disorder)","2011",4150,0.2856159669649,"398254007 - Pre-eclampsia (disorder)",NA
"142","gestational_hypertension","398254007","Pre-eclampsia (disorder)","2012",5070,0.33531746031746,"398254007 - Pre-eclampsia (disorder)",NA
"143","gestational_hypertension","398254007","Pre-eclampsia (disorder)","2013",5420,0.361695028361695,"398254007 - Pre-eclampsia (disorder)",NA
"144","gestational_hypertension","398254007","Pre-eclampsia (disorder)","2014",5510,0.34577973015375,"398254007 - Pre-eclampsia (disorder)",NA
"145","gestational_hypertension","398254007","Pre-eclampsia (disorder)","2015",5850,0.325452016689847,"398254007 - Pre-eclampsia (disorder)",NA
"146","gestational_hypertension","398254007","Pre-eclampsia (disorder)","2016",6770,0.334982681840673,"398254007 - Pre-eclampsia (disorder)",NA
"147","gestational_hypertension","398254007","Pre-eclampsia (disorder)","2017",7020,0.333254213149774,"398254007 - Pre-eclampsia (disorder)",NA
"148","gestational_hypertension","398254007","Pre-eclampsia (disorder)","2018",7040,0.344928956393925,"398254007 - Pre-eclampsia (disorder)",NA
"149","gestational_hypertension","398254007","Pre-eclampsia (disorder)","2019",7510,0.341985428051002,"398254007 - Pre-eclampsia (disorder)",NA
"150","gestational_hypertension","398254007","Pre-eclampsia (disorder)","2020",9150,0.337265020272761,"398254007 - Pre-eclampsia (disorder)",NA
"151","gestational_hypertension","398254007","Pre-eclampsia (disorder)","2021",9710,0.336218836565097,"398254007 - Pre-eclampsia (disorder)",NA
"152","gestational_hypertension","398254007","Pre-eclampsia (disorder)","2022",9770,0.323563503891373,"398254007 - Pre-eclampsia (disorder)",NA
"153","gestational_hypertension","398254007","Pre-eclampsia (disorder)","2023",10600,0.313702278780704,"398254007 - Pre-eclampsia (disorder)","398254007 - Pre-eclampsia (disorder)"
"154","gestational_hypertension","41114007","Mild pre-eclampsia (disorder)","2011",380,0.0261527873365451,"41114007 - Mild pre-eclampsia (disorder)",NA
"155","gestational_hypertension","41114007","Mild pre-eclampsia (disorder)","2012",320,0.0211640211640212,"41114007 - Mild pre-eclampsia (disorder)",NA
"156","gestational_hypertension","41114007","Mild pre-eclampsia (disorder)","2013",260,0.0173506840173507,"41114007 - Mild pre-eclampsia (disorder)",NA
"157","gestational_hypertension","41114007","Mild pre-eclampsia (disorder)","2014",240,0.0150611860684029,"41114007 - Mild pre-eclampsia (disorder)",NA
"158","gestational_hypertension","41114007","Mild pre-eclampsia (disorder)","2015",240,0.0133518776077886,"41114007 - Mild pre-eclampsia (disorder)",NA
"159","gestational_hypertension","41114007","Mild pre-eclampsia (disorder)","2016",300,0.0148441365660564,"41114007 - Mild pre-eclampsia (disorder)",NA
"160","gestational_hypertension","41114007","Mild pre-eclampsia (disorder)","2017",330,0.0156657963446475,"41114007 - Mild pre-eclampsia (disorder)",NA
"161","gestational_hypertension","41114007","Mild pre-eclampsia (disorder)","2018",380,0.0186183243508084,"41114007 - Mild pre-eclampsia (disorder)",NA
"162","gestational_hypertension","41114007","Mild pre-eclampsia (disorder)","2019",430,0.0195810564663024,"41114007 - Mild pre-eclampsia (disorder)",NA
"163","gestational_hypertension","41114007","Mild pre-eclampsia (disorder)","2020",370,0.013638039071139,"41114007 - Mild pre-eclampsia (disorder)",NA
"164","gestational_hypertension","41114007","Mild pre-eclampsia (disorder)","2021",440,0.0152354570637119,"41114007 - Mild pre-eclampsia (disorder)",NA
"165","gestational_hypertension","41114007","Mild pre-eclampsia (disorder)","2022",420,0.0139095876800795,"41114007 - Mild pre-eclampsia (disorder)",NA
"166","gestational_hypertension","41114007","Mild pre-eclampsia (disorder)","2023",370,0.0109499852027227,"41114007 - Mild pre-eclampsia (disorder)","41114007 - Mild pre-eclampsia (disorder)"
"167","gestational_hypertension","46764007","Severe pre-eclampsia (disorder)","2011",900,0.0619408121128699,"46764007 - Severe pre-eclampsia (disorder)",NA
"168","gestational_hypertension","46764007","Severe pre-eclampsia (disorder)","2012",820,0.0542328042328042,"46764007 - Severe pre-eclampsia (disorder)",NA
"169","gestational_hypertension","46764007","Severe pre-eclampsia (disorder)","2013",670,0.0447113780447114,"46764007 - Severe pre-eclampsia (disorder)",NA
"170","gestational_hypertension","46764007","Severe pre-eclampsia (disorder)","2014",590,0.0370254157514904,"46764007 - Severe pre-eclampsia (disorder)",NA
"171","gestational_hypertension","46764007","Severe pre-eclampsia (disorder)","2015",590,0.0328233657858136,"46764007 - Severe pre-eclampsia (disorder)",NA
"172","gestational_hypertension","46764007","Severe pre-eclampsia (disorder)","2016",590,0.0291934685799109,"46764007 - Severe pre-eclampsia (disorder)",NA
"173","gestational_hypertension","46764007","Severe pre-eclampsia (disorder)","2017",580,0.0275338238784714,"46764007 - Severe pre-eclampsia (disorder)",NA
"174","gestational_hypertension","46764007","Severe pre-eclampsia (disorder)","2018",610,0.0298873101420872,"46764007 - Severe pre-eclampsia (disorder)",NA
"175","gestational_hypertension","46764007","Severe pre-eclampsia (disorder)","2019",640,0.029143897996357,"46764007 - Severe pre-eclampsia (disorder)",NA
"176","gestational_hypertension","46764007","Severe pre-eclampsia (disorder)","2020",670,0.0246959085882787,"46764007 - Severe pre-eclampsia (disorder)",NA
"177","gestational_hypertension","46764007","Severe pre-eclampsia (disorder)","2021",710,0.024584487534626,"46764007 - Severe pre-eclampsia (disorder)",NA
"178","gestational_hypertension","46764007","Severe pre-eclampsia (disorder)","2022",700,0.0231826461334658,"46764007 - Severe pre-eclampsia (disorder)",NA
"179","gestational_hypertension","46764007","Severe pre-eclampsia (disorder)","2023",690,0.0204202426753477,"46764007 - Severe pre-eclampsia (disorder)","46764007 - Severe pre-eclampsia (disorder)"
"180","gestational_hypertension","48194001","Pregnancy-induced hypertension (disorder)","2011",4490,0.309015829318651,"48194001 - Pregnancy-induced hypertension (disorder)",NA
"181","gestational_hypertension","48194001","Pregnancy-induced hypertension (disorder)","2012",4760,0.314814814814815,"48194001 - Pregnancy-induced hypertension (disorder)",NA
"182","gestational_hypertension","48194001","Pregnancy-induced hypertension (disorder)","2013",4580,0.305638972305639,"48194001 - Pregnancy-induced hypertension (disorder)",NA
"183","gestational_hypertension","48194001","Pregnancy-induced hypertension (disorder)","2014",4840,0.303733919046125,"48194001 - Pregnancy-induced hypertension (disorder)",NA
"184","gestational_hypertension","48194001","Pregnancy-induced hypertension (disorder)","2015",5830,0.324339360222531,"48194001 - Pregnancy-induced hypertension (disorder)",NA
"185","gestational_hypertension","48194001","Pregnancy-induced hypertension (disorder)","2016",6810,0.33696190004948,"48194001 - Pregnancy-induced hypertension (disorder)",NA
"186","gestational_hypertension","48194001","Pregnancy-induced hypertension (disorder)","2017",7360,0.349394730595775,"48194001 - Pregnancy-induced hypertension (disorder)",NA
"187","gestational_hypertension","48194001","Pregnancy-induced hypertension (disorder)","2018",6900,0.338069573738364,"48194001 - Pregnancy-induced hypertension (disorder)",NA
"188","gestational_hypertension","48194001","Pregnancy-induced hypertension (disorder)","2019",9290,0.42304189435337,"48194001 - Pregnancy-induced hypertension (disorder)",NA
"189","gestational_hypertension","48194001","Pregnancy-induced hypertension (disorder)","2020",13170,0.485440471802433,"48194001 - Pregnancy-induced hypertension (disorder)",NA
"190","gestational_hypertension","48194001","Pregnancy-induced hypertension (disorder)","2021",13950,0.48303324099723,"48194001 - Pregnancy-induced hypertension (disorder)",NA
"191","gestational_hypertension","48194001","Pregnancy-induced hypertension (disorder)","2022",14960,0.495446265938069,"48194001 - Pregnancy-induced hypertension (disorder)",NA
"192","gestational_hypertension","48194001","Pregnancy-induced hypertension (disorder)","2023",17550,0.519384433264279,"48194001 - Pregnancy-induced hypertension (disorder)","48194001 - Pregnancy-induced hypertension (disorder)"
"193","hypertension_pregnancy","198942000","Benign essential hypertension complicating pregnancy, childbirth and the puerperium (disorder)","2011",250,0.245098039215686,"198942000 - Benign essential hypertension complicating pregnancy, childbirth and the puerperium (disorder)",NA
"194","hypertension_pregnancy","198942000","Benign essential hypertension complicating pregnancy, childbirth and the puerperium (disorder)","2012",270,0.232758620689655,"198942000 - Benign essential hypertension complicating pregnancy, childbirth and the puerperium (disorder)",NA
"195","hypertension_pregnancy","198942000","Benign essential hypertension complicating pregnancy, childbirth and the puerperium (disorder)","2013",210,0.159695817490494,"198942000 - Benign essential hypertension complicating pregnancy, childbirth and the puerperium (disorder)",NA
"196","hypertension_pregnancy","198942000","Benign essential hypertension complicating pregnancy, childbirth and the puerperium (disorder)","2014",310,0.173669467787115,"198942000 - Benign essential hypertension complicating pregnancy, childbirth and the puerperium (disorder)",NA
"197","hypertension_pregnancy","198942000","Benign essential hypertension complicating pregnancy, childbirth and the puerperium (disorder)","2015",280,0.154696132596685,"198942000 - Benign essential hypertension complicating pregnancy, childbirth and the puerperium (disorder)",NA
"198","hypertension_pregnancy","198942000","Benign essential hypertension complicating pregnancy, childbirth and the puerperium (disorder)","2016",350,0.178117048346056,"198942000 - Benign essential hypertension complicating pregnancy, childbirth and the puerperium (disorder)",NA
"199","hypertension_pregnancy","198942000","Benign essential hypertension complicating pregnancy, childbirth and the puerperium (disorder)","2017",310,0.162303664921466,"198942000 - Benign essential hypertension complicating pregnancy, childbirth and the puerperium (disorder)",NA
"200","hypertension_pregnancy","198942000","Benign essential hypertension complicating pregnancy, childbirth and the puerperium (disorder)","2018",320,0.158024691358025,"198942000 - Benign essential hypertension complicating pregnancy, childbirth and the puerperium (disorder)",NA
"201","hypertension_pregnancy","198942000","Benign essential hypertension complicating pregnancy, childbirth and the puerperium (disorder)","2019",220,0.162962962962963,"198942000 - Benign essential hypertension complicating pregnancy, childbirth and the puerperium (disorder)",NA
"202","hypertension_pregnancy","198942000","Benign essential hypertension complicating pregnancy, childbirth and the puerperium (disorder)","2020",170,0.150442477876106,"198942000 - Benign essential hypertension complicating pregnancy, childbirth and the puerperium (disorder)",NA
"203","hypertension_pregnancy","198942000","Benign essential hypertension complicating pregnancy, childbirth and the puerperium (disorder)","2021",180,0.148760330578512,"198942000 - Benign essential hypertension complicating pregnancy, childbirth and the puerperium (disorder)",NA
"204","hypertension_pregnancy","198942000","Benign essential hypertension complicating pregnancy, childbirth and the puerperium (disorder)","2022",170,0.12781954887218,"198942000 - Benign essential hypertension complicating pregnancy, childbirth and the puerperium (disorder)",NA
"205","hypertension_pregnancy","198942000","Benign essential hypertension complicating pregnancy, childbirth and the puerperium (disorder)","2023",140,0.114285714285714,"198942000 - Benign essential hypertension complicating pregnancy, childbirth and the puerperium (disorder)","198942000 - Benign essential hypertension complicating pregnancy, childbirth and the puerperium (disorder)"
"206","hypertension_pregnancy","198944004","Benign essential hypertension complicating pregnancy, childbirth and the puerperium - delivered (disorder)","2011",10,0.00980392156862745,"198944004 - Benign essential hypertension complicating pregnancy, childbirth and the puerperium - delivered (disorder)",NA
"207","hypertension_pregnancy","198944004","Benign essential hypertension complicating pregnancy, childbirth and the puerperium - delivered (disorder)","2012",10,0.00862068965517241,"198944004 - Benign essential hypertension complicating pregnancy, childbirth and the puerperium - delivered (disorder)",NA
"208","hypertension_pregnancy","198944004","Benign essential hypertension complicating pregnancy, childbirth and the puerperium - delivered (disorder)","2013",70,0.0532319391634981,"198944004 - Benign essential hypertension complicating pregnancy, childbirth and the puerperium - delivered (disorder)",NA
"209","hypertension_pregnancy","198944004","Benign essential hypertension complicating pregnancy, childbirth and the puerperium - delivered (disorder)","2014",210,0.117647058823529,"198944004 - Benign essential hypertension complicating pregnancy, childbirth and the puerperium - delivered (disorder)",NA
"210","hypertension_pregnancy","198944004","Benign essential hypertension complicating pregnancy, childbirth and the puerperium - delivered (disorder)","2015",190,0.104972375690608,"198944004 - Benign essential hypertension complicating pregnancy, childbirth and the puerperium - delivered (disorder)",NA
"211","hypertension_pregnancy","198944004","Benign essential hypertension complicating pregnancy, childbirth and the puerperium - delivered (disorder)","2016",180,0.0916030534351145,"198944004 - Benign essential hypertension complicating pregnancy, childbirth and the puerperium - delivered (disorder)",NA
"212","hypertension_pregnancy","198944004","Benign essential hypertension complicating pregnancy, childbirth and the puerperium - delivered (disorder)","2017",160,0.0837696335078534,"198944004 - Benign essential hypertension complicating pregnancy, childbirth and the puerperium - delivered (disorder)",NA
"213","hypertension_pregnancy","198944004","Benign essential hypertension complicating pregnancy, childbirth and the puerperium - delivered (disorder)","2018",180,0.0888888888888889,"198944004 - Benign essential hypertension complicating pregnancy, childbirth and the puerperium - delivered (disorder)",NA
"214","hypertension_pregnancy","198944004","Benign essential hypertension complicating pregnancy, childbirth and the puerperium - delivered (disorder)","2019",120,0.0888888888888889,"198944004 - Benign essential hypertension complicating pregnancy, childbirth and the puerperium - delivered (disorder)",NA
"215","hypertension_pregnancy","198944004","Benign essential hypertension complicating pregnancy, childbirth and the puerperium - delivered (disorder)","2020",40,0.0353982300884956,"198944004 - Benign essential hypertension complicating pregnancy, childbirth and the puerperium - delivered (disorder)",NA
"216","hypertension_pregnancy","198944004","Benign essential hypertension complicating pregnancy, childbirth and the puerperium - delivered (disorder)","2021",50,0.0413223140495868,"198944004 - Benign essential hypertension complicating pregnancy, childbirth and the puerperium - delivered (disorder)",NA
"217","hypertension_pregnancy","198944004","Benign essential hypertension complicating pregnancy, childbirth and the puerperium - delivered (disorder)","2022",60,0.0451127819548872,"198944004 - Benign essential hypertension complicating pregnancy, childbirth and the puerperium - delivered (disorder)",NA
"218","hypertension_pregnancy","198944004","Benign essential hypertension complicating pregnancy, childbirth and the puerperium - delivered (disorder)","2023",40,0.0326530612244898,"198944004 - Benign essential hypertension complicating pregnancy, childbirth and the puerperium - delivered (disorder)","198944004 - Benign essential hypertension complicating pregnancy, childbirth and the puerperium - delivered (disorder)"
"219","hypertension_pregnancy","198945003","Benign essential hypertension complicating pregnancy, childbirth and the puerperium - delivered with postnatal complication (disorder)","2011",20,0.0196078431372549,"198945003 - Benign essential hypertension complicating pregnancy, childbirth and the puerperium - delivered with postnatal complication (disorder)",NA
"220","hypertension_pregnancy","198945003","Benign essential hypertension complicating pregnancy, childbirth and the puerperium - delivered with postnatal complication (disorder)","2012",30,0.0258620689655172,"198945003 - Benign essential hypertension complicating pregnancy, childbirth and the puerperium - delivered with postnatal complication (disorder)",NA
"221","hypertension_pregnancy","198945003","Benign essential hypertension complicating pregnancy, childbirth and the puerperium - delivered with postnatal complication (disorder)","2013",40,0.0304182509505703,"198945003 - Benign essential hypertension complicating pregnancy, childbirth and the puerperium - delivered with postnatal complication (disorder)",NA
"222","hypertension_pregnancy","198945003","Benign essential hypertension complicating pregnancy, childbirth and the puerperium - delivered with postnatal complication (disorder)","2014",30,0.0168067226890756,"198945003 - Benign essential hypertension complicating pregnancy, childbirth and the puerperium - delivered with postnatal complication (disorder)",NA
"223","hypertension_pregnancy","198945003","Benign essential hypertension complicating pregnancy, childbirth and the puerperium - delivered with postnatal complication (disorder)","2015",50,0.0276243093922652,"198945003 - Benign essential hypertension complicating pregnancy, childbirth and the puerperium - delivered with postnatal complication (disorder)",NA
"224","hypertension_pregnancy","198945003","Benign essential hypertension complicating pregnancy, childbirth and the puerperium - delivered with postnatal complication (disorder)","2016",50,0.0254452926208651,"198945003 - Benign essential hypertension complicating pregnancy, childbirth and the puerperium - delivered with postnatal complication (disorder)",NA
"225","hypertension_pregnancy","198945003","Benign essential hypertension complicating pregnancy, childbirth and the puerperium - delivered with postnatal complication (disorder)","2017",30,0.0157068062827225,"198945003 - Benign essential hypertension complicating pregnancy, childbirth and the puerperium - delivered with postnatal complication (disorder)",NA
"226","hypertension_pregnancy","198945003","Benign essential hypertension complicating pregnancy, childbirth and the puerperium - delivered with postnatal complication (disorder)","2018",30,0.0148148148148148,"198945003 - Benign essential hypertension complicating pregnancy, childbirth and the puerperium - delivered with postnatal complication (disorder)",NA
"227","hypertension_pregnancy","198945003","Benign essential hypertension complicating pregnancy, childbirth and the puerperium - delivered with postnatal complication (disorder)","2019",30,0.0222222222222222,"198945003 - Benign essential hypertension complicating pregnancy, childbirth and the puerperium - delivered with postnatal complication (disorder)",NA
"228","hypertension_pregnancy","198945003","Benign essential hypertension complicating pregnancy, childbirth and the puerperium - delivered with postnatal complication (disorder)","2020",40,0.0353982300884956,"198945003 - Benign essential hypertension complicating pregnancy, childbirth and the puerperium - delivered with postnatal complication (disorder)",NA
"229","hypertension_pregnancy","198945003","Benign essential hypertension complicating pregnancy, childbirth and the puerperium - delivered with postnatal complication (disorder)","2021",50,0.0413223140495868,"198945003 - Benign essential hypertension complicating pregnancy, childbirth and the puerperium - delivered with postnatal complication (disorder)",NA
"230","hypertension_pregnancy","198945003","Benign essential hypertension complicating pregnancy, childbirth and the puerperium - delivered with postnatal complication (disorder)","2022",60,0.0451127819548872,"198945003 - Benign essential hypertension complicating pregnancy, childbirth and the puerperium - delivered with postnatal complication (disorder)",NA
"231","hypertension_pregnancy","198945003","Benign essential hypertension complicating pregnancy, childbirth and the puerperium - delivered with postnatal complication (disorder)","2023",40,0.0326530612244898,"198945003 - Benign essential hypertension complicating pregnancy, childbirth and the puerperium - delivered with postnatal complication (disorder)","198945003 - Benign essential hypertension complicating pregnancy, childbirth and the puerperium - delivered with postnatal complication (disorder)"
"232","hypertension_pregnancy","198946002","Benign essential hypertension complicating pregnancy, childbirth and the puerperium - not delivered (disorder)","2011",5,0.00490196078431373,"198946002 - Benign essential hypertension complicating pregnancy, childbirth and the puerperium - not delivered (disorder)",NA
"233","hypertension_pregnancy","198946002","Benign essential hypertension complicating pregnancy, childbirth and the puerperium - not delivered (disorder)","2012",10,0.00862068965517241,"198946002 - Benign essential hypertension complicating pregnancy, childbirth and the puerperium - not delivered (disorder)",NA
"234","hypertension_pregnancy","198946002","Benign essential hypertension complicating pregnancy, childbirth and the puerperium - not delivered (disorder)","2013",10,0.00760456273764259,"198946002 - Benign essential hypertension complicating pregnancy, childbirth and the puerperium - not delivered (disorder)",NA
"235","hypertension_pregnancy","198946002","Benign essential hypertension complicating pregnancy, childbirth and the puerperium - not delivered (disorder)","2014",10,0.00560224089635854,"198946002 - Benign essential hypertension complicating pregnancy, childbirth and the puerperium - not delivered (disorder)",NA
"236","hypertension_pregnancy","198946002","Benign essential hypertension complicating pregnancy, childbirth and the puerperium - not delivered (disorder)","2015",10,0.00552486187845304,"198946002 - Benign essential hypertension complicating pregnancy, childbirth and the puerperium - not delivered (disorder)",NA
"237","hypertension_pregnancy","198946002","Benign essential hypertension complicating pregnancy, childbirth and the puerperium - not delivered (disorder)","2016",10,0.00508905852417303,"198946002 - Benign essential hypertension complicating pregnancy, childbirth and the puerperium - not delivered (disorder)",NA
"238","hypertension_pregnancy","198946002","Benign essential hypertension complicating pregnancy, childbirth and the puerperium - not delivered (disorder)","2017",5,0.00261780104712042,"198946002 - Benign essential hypertension complicating pregnancy, childbirth and the puerperium - not delivered (disorder)",NA
"239","hypertension_pregnancy","198946002","Benign essential hypertension complicating pregnancy, childbirth and the puerperium - not delivered (disorder)","2018",10,0.00493827160493827,"198946002 - Benign essential hypertension complicating pregnancy, childbirth and the puerperium - not delivered (disorder)",NA
"240","hypertension_pregnancy","198946002","Benign essential hypertension complicating pregnancy, childbirth and the puerperium - not delivered (disorder)","2019",10,0.00740740740740741,"198946002 - Benign essential hypertension complicating pregnancy, childbirth and the puerperium - not delivered (disorder)",NA
"241","hypertension_pregnancy","198946002","Benign essential hypertension complicating pregnancy, childbirth and the puerperium - not delivered (disorder)","2020",5,0.00442477876106195,"198946002 - Benign essential hypertension complicating pregnancy, childbirth and the puerperium - not delivered (disorder)",NA
"242","hypertension_pregnancy","198946002","Benign essential hypertension complicating pregnancy, childbirth and the puerperium - not delivered (disorder)","2021",10,0.00826446280991736,"198946002 - Benign essential hypertension complicating pregnancy, childbirth and the puerperium - not delivered (disorder)",NA
"243","hypertension_pregnancy","198946002","Benign essential hypertension complicating pregnancy, childbirth and the puerperium - not delivered (disorder)","2022",10,0.0075187969924812,"198946002 - Benign essential hypertension complicating pregnancy, childbirth and the puerperium - not delivered (disorder)",NA
"244","hypertension_pregnancy","198946002","Benign essential hypertension complicating pregnancy, childbirth and the puerperium - not delivered (disorder)","2023",10,0.00816326530612245,"198946002 - Benign essential hypertension complicating pregnancy, childbirth and the puerperium - not delivered (disorder)","198946002 - Benign essential hypertension complicating pregnancy, childbirth and the puerperium - not delivered (disorder)"
"245","hypertension_pregnancy","198947006","Benign essential hypertension complicating pregnancy, childbirth and the puerperium with postnatal complication (disorder)","2011",5,0.00490196078431373,"198947006 - Benign essential hypertension complicating pregnancy, childbirth and the puerperium with postnatal complication (disorder)",NA
"246","hypertension_pregnancy","198947006","Benign essential hypertension complicating pregnancy, childbirth and the puerperium with postnatal complication (disorder)","2012",20,0.0172413793103448,"198947006 - Benign essential hypertension complicating pregnancy, childbirth and the puerperium with postnatal complication (disorder)",NA
"247","hypertension_pregnancy","198947006","Benign essential hypertension complicating pregnancy, childbirth and the puerperium with postnatal complication (disorder)","2013",5,0.00380228136882129,"198947006 - Benign essential hypertension complicating pregnancy, childbirth and the puerperium with postnatal complication (disorder)",NA
"248","hypertension_pregnancy","198947006","Benign essential hypertension complicating pregnancy, childbirth and the puerperium with postnatal complication (disorder)","2014",10,0.00560224089635854,"198947006 - Benign essential hypertension complicating pregnancy, childbirth and the puerperium with postnatal complication (disorder)",NA
"249","hypertension_pregnancy","198947006","Benign essential hypertension complicating pregnancy, childbirth and the puerperium with postnatal complication (disorder)","2015",20,0.0110497237569061,"198947006 - Benign essential hypertension complicating pregnancy, childbirth and the puerperium with postnatal complication (disorder)",NA
"250","hypertension_pregnancy","198947006","Benign essential hypertension complicating pregnancy, childbirth and the puerperium with postnatal complication (disorder)","2016",20,0.0101781170483461,"198947006 - Benign essential hypertension complicating pregnancy, childbirth and the puerperium with postnatal complication (disorder)",NA
"251","hypertension_pregnancy","198947006","Benign essential hypertension complicating pregnancy, childbirth and the puerperium with postnatal complication (disorder)","2017",20,0.0104712041884817,"198947006 - Benign essential hypertension complicating pregnancy, childbirth and the puerperium with postnatal complication (disorder)",NA
"252","hypertension_pregnancy","198947006","Benign essential hypertension complicating pregnancy, childbirth and the puerperium with postnatal complication (disorder)","2018",20,0.00987654320987654,"198947006 - Benign essential hypertension complicating pregnancy, childbirth and the puerperium with postnatal complication (disorder)",NA
"253","hypertension_pregnancy","198947006","Benign essential hypertension complicating pregnancy, childbirth and the puerperium with postnatal complication (disorder)","2019",30,0.0222222222222222,"198947006 - Benign essential hypertension complicating pregnancy, childbirth and the puerperium with postnatal complication (disorder)",NA
"254","hypertension_pregnancy","198947006","Benign essential hypertension complicating pregnancy, childbirth and the puerperium with postnatal complication (disorder)","2020",30,0.0265486725663717,"198947006 - Benign essential hypertension complicating pregnancy, childbirth and the puerperium with postnatal complication (disorder)",NA
"255","hypertension_pregnancy","198947006","Benign essential hypertension complicating pregnancy, childbirth and the puerperium with postnatal complication (disorder)","2021",30,0.0247933884297521,"198947006 - Benign essential hypertension complicating pregnancy, childbirth and the puerperium with postnatal complication (disorder)",NA
"256","hypertension_pregnancy","198947006","Benign essential hypertension complicating pregnancy, childbirth and the puerperium with postnatal complication (disorder)","2022",30,0.0225563909774436,"198947006 - Benign essential hypertension complicating pregnancy, childbirth and the puerperium with postnatal complication (disorder)",NA
"257","hypertension_pregnancy","198947006","Benign essential hypertension complicating pregnancy, childbirth and the puerperium with postnatal complication (disorder)","2023",50,0.0408163265306122,"198947006 - Benign essential hypertension complicating pregnancy, childbirth and the puerperium with postnatal complication (disorder)","198947006 - Benign essential hypertension complicating pregnancy, childbirth and the puerperium with postnatal complication (disorder)"
"258","hypertension_pregnancy","198949009","Renal hypertension complicating pregnancy, childbirth and the puerperium (disorder)","2011",20,0.0196078431372549,"198949009 - Renal hypertension complicating pregnancy, childbirth and the puerperium (disorder)",NA
"259","hypertension_pregnancy","198949009","Renal hypertension complicating pregnancy, childbirth and the puerperium (disorder)","2012",20,0.0172413793103448,"198949009 - Renal hypertension complicating pregnancy, childbirth and the puerperium (disorder)",NA
"260","hypertension_pregnancy","198949009","Renal hypertension complicating pregnancy, childbirth and the puerperium (disorder)","2013",10,0.00760456273764259,"198949009 - Renal hypertension complicating pregnancy, childbirth and the puerperium (disorder)",NA
"261","hypertension_pregnancy","198949009","Renal hypertension complicating pregnancy, childbirth and the puerperium (disorder)","2014",10,0.00560224089635854,"198949009 - Renal hypertension complicating pregnancy, childbirth and the puerperium (disorder)",NA
"262","hypertension_pregnancy","198949009","Renal hypertension complicating pregnancy, childbirth and the puerperium (disorder)","2015",10,0.00552486187845304,"198949009 - Renal hypertension complicating pregnancy, childbirth and the puerperium (disorder)",NA
"263","hypertension_pregnancy","198949009","Renal hypertension complicating pregnancy, childbirth and the puerperium (disorder)","2016",5,0.00254452926208651,"198949009 - Renal hypertension complicating pregnancy, childbirth and the puerperium (disorder)",NA
"264","hypertension_pregnancy","198949009","Renal hypertension complicating pregnancy, childbirth and the puerperium (disorder)","2017",10,0.00523560209424084,"198949009 - Renal hypertension complicating pregnancy, childbirth and the puerperium (disorder)",NA
"265","hypertension_pregnancy","198949009","Renal hypertension complicating pregnancy, childbirth and the puerperium (disorder)","2018",20,0.00987654320987654,"198949009 - Renal hypertension complicating pregnancy, childbirth and the puerperium (disorder)",NA
"266","hypertension_pregnancy","198949009","Renal hypertension complicating pregnancy, childbirth and the puerperium (disorder)","2019",10,0.00740740740740741,"198949009 - Renal hypertension complicating pregnancy, childbirth and the puerperium (disorder)",NA
"267","hypertension_pregnancy","198949009","Renal hypertension complicating pregnancy, childbirth and the puerperium (disorder)","2020",5,0.00442477876106195,"198949009 - Renal hypertension complicating pregnancy, childbirth and the puerperium (disorder)",NA
"268","hypertension_pregnancy","198949009","Renal hypertension complicating pregnancy, childbirth and the puerperium (disorder)","2021",10,0.00826446280991736,"198949009 - Renal hypertension complicating pregnancy, childbirth and the puerperium (disorder)",NA
"269","hypertension_pregnancy","198949009","Renal hypertension complicating pregnancy, childbirth and the puerperium (disorder)","2022",10,0.0075187969924812,"198949009 - Renal hypertension complicating pregnancy, childbirth and the puerperium (disorder)",NA
"270","hypertension_pregnancy","198949009","Renal hypertension complicating pregnancy, childbirth and the puerperium (disorder)","2023",5,0.00408163265306122,"198949009 - Renal hypertension complicating pregnancy, childbirth and the puerperium (disorder)","198949009 - Renal hypertension complicating pregnancy, childbirth and the puerperium (disorder)"
"271","hypertension_pregnancy","198951008","Renal hypertension complicating pregnancy, childbirth and the puerperium - delivered (disorder)","2011",5,0.00490196078431373,"198951008 - Renal hypertension complicating pregnancy, childbirth and the puerperium - delivered (disorder)",NA
"272","hypertension_pregnancy","198951008","Renal hypertension complicating pregnancy, childbirth and the puerperium - delivered (disorder)","2013",10,0.00760456273764259,"198951008 - Renal hypertension complicating pregnancy, childbirth and the puerperium - delivered (disorder)",NA
"273","hypertension_pregnancy","198951008","Renal hypertension complicating pregnancy, childbirth and the puerperium - delivered (disorder)","2014",10,0.00560224089635854,"198951008 - Renal hypertension complicating pregnancy, childbirth and the puerperium - delivered (disorder)",NA
"274","hypertension_pregnancy","198951008","Renal hypertension complicating pregnancy, childbirth and the puerperium - delivered (disorder)","2015",5,0.00276243093922652,"198951008 - Renal hypertension complicating pregnancy, childbirth and the puerperium - delivered (disorder)",NA
"275","hypertension_pregnancy","198951008","Renal hypertension complicating pregnancy, childbirth and the puerperium - delivered (disorder)","2016",5,0.00254452926208651,"198951008 - Renal hypertension complicating pregnancy, childbirth and the puerperium - delivered (disorder)",NA
"276","hypertension_pregnancy","198951008","Renal hypertension complicating pregnancy, childbirth and the puerperium - delivered (disorder)","2017",5,0.00261780104712042,"198951008 - Renal hypertension complicating pregnancy, childbirth and the puerperium - delivered (disorder)",NA
"277","hypertension_pregnancy","198951008","Renal hypertension complicating pregnancy, childbirth and the puerperium - delivered (disorder)","2022",5,0.0037593984962406,"198951008 - Renal hypertension complicating pregnancy, childbirth and the puerperium - delivered (disorder)",NA
"278","hypertension_pregnancy","198953006","Renal hypertension complicating pregnancy, childbirth and the puerperium - not delivered (disorder)","2011",5,0.00490196078431373,"198953006 - Renal hypertension complicating pregnancy, childbirth and the puerperium - not delivered (disorder)",NA
"279","hypertension_pregnancy","198953006","Renal hypertension complicating pregnancy, childbirth and the puerperium - not delivered (disorder)","2013",5,0.00380228136882129,"198953006 - Renal hypertension complicating pregnancy, childbirth and the puerperium - not delivered (disorder)",NA
"280","hypertension_pregnancy","198953006","Renal hypertension complicating pregnancy, childbirth and the puerperium - not delivered (disorder)","2014",5,0.00280112044817927,"198953006 - Renal hypertension complicating pregnancy, childbirth and the puerperium - not delivered (disorder)",NA
"281","hypertension_pregnancy","198953006","Renal hypertension complicating pregnancy, childbirth and the puerperium - not delivered (disorder)","2015",5,0.00276243093922652,"198953006 - Renal hypertension complicating pregnancy, childbirth and the puerperium - not delivered (disorder)",NA
"282","hypertension_pregnancy","198953006","Renal hypertension complicating pregnancy, childbirth and the puerperium - not delivered (disorder)","2017",5,0.00261780104712042,"198953006 - Renal hypertension complicating pregnancy, childbirth and the puerperium - not delivered (disorder)",NA
"283","hypertension_pregnancy","198953006","Renal hypertension complicating pregnancy, childbirth and the puerperium - not delivered (disorder)","2019",10,0.00740740740740741,"198953006 - Renal hypertension complicating pregnancy, childbirth and the puerperium - not delivered (disorder)",NA
"284","hypertension_pregnancy","198953006","Renal hypertension complicating pregnancy, childbirth and the puerperium - not delivered (disorder)","2022",5,0.0037593984962406,"198953006 - Renal hypertension complicating pregnancy, childbirth and the puerperium - not delivered (disorder)",NA
"285","hypertension_pregnancy","198997005","Pre-eclampsia or eclampsia with pre-existing hypertension (disorder)","2011",260,0.254901960784314,"198997005 - Pre-eclampsia or eclampsia with pre-existing hypertension (disorder)",NA
"286","hypertension_pregnancy","198997005","Pre-eclampsia or eclampsia with pre-existing hypertension (disorder)","2012",260,0.224137931034483,"198997005 - Pre-eclampsia or eclampsia with pre-existing hypertension (disorder)",NA
"287","hypertension_pregnancy","198997005","Pre-eclampsia or eclampsia with pre-existing hypertension (disorder)","2013",290,0.220532319391635,"198997005 - Pre-eclampsia or eclampsia with pre-existing hypertension (disorder)",NA
"288","hypertension_pregnancy","198997005","Pre-eclampsia or eclampsia with pre-existing hypertension (disorder)","2014",300,0.168067226890756,"198997005 - Pre-eclampsia or eclampsia with pre-existing hypertension (disorder)",NA
"289","hypertension_pregnancy","198997005","Pre-eclampsia or eclampsia with pre-existing hypertension (disorder)","2015",340,0.187845303867403,"198997005 - Pre-eclampsia or eclampsia with pre-existing hypertension (disorder)",NA
"290","hypertension_pregnancy","198997005","Pre-eclampsia or eclampsia with pre-existing hypertension (disorder)","2016",420,0.213740458015267,"198997005 - Pre-eclampsia or eclampsia with pre-existing hypertension (disorder)",NA
"291","hypertension_pregnancy","198997005","Pre-eclampsia or eclampsia with pre-existing hypertension (disorder)","2017",370,0.193717277486911,"198997005 - Pre-eclampsia or eclampsia with pre-existing hypertension (disorder)",NA
"292","hypertension_pregnancy","198997005","Pre-eclampsia or eclampsia with pre-existing hypertension (disorder)","2018",360,0.177777777777778,"198997005 - Pre-eclampsia or eclampsia with pre-existing hypertension (disorder)",NA
"293","hypertension_pregnancy","198997005","Pre-eclampsia or eclampsia with pre-existing hypertension (disorder)","2019",270,0.2,"198997005 - Pre-eclampsia or eclampsia with pre-existing hypertension (disorder)",NA
"294","hypertension_pregnancy","198997005","Pre-eclampsia or eclampsia with pre-existing hypertension (disorder)","2020",260,0.230088495575221,"198997005 - Pre-eclampsia or eclampsia with pre-existing hypertension (disorder)",NA
"295","hypertension_pregnancy","198997005","Pre-eclampsia or eclampsia with pre-existing hypertension (disorder)","2021",270,0.223140495867769,"198997005 - Pre-eclampsia or eclampsia with pre-existing hypertension (disorder)",NA
"296","hypertension_pregnancy","198997005","Pre-eclampsia or eclampsia with pre-existing hypertension (disorder)","2022",280,0.210526315789474,"198997005 - Pre-eclampsia or eclampsia with pre-existing hypertension (disorder)",NA
"297","hypertension_pregnancy","198997005","Pre-eclampsia or eclampsia with pre-existing hypertension (disorder)","2023",190,0.155102040816327,"198997005 - Pre-eclampsia or eclampsia with pre-existing hypertension (disorder)","198997005 - Pre-eclampsia or eclampsia with pre-existing hypertension (disorder)"
"298","hypertension_pregnancy","198999008","Pre-eclampsia or eclampsia with pre-existing hypertension - delivered (disorder)","2011",250,0.245098039215686,"198999008 - Pre-eclampsia or eclampsia with pre-existing hypertension - delivered (disorder)",NA
"299","hypertension_pregnancy","198999008","Pre-eclampsia or eclampsia with pre-existing hypertension - delivered (disorder)","2012",320,0.275862068965517,"198999008 - Pre-eclampsia or eclampsia with pre-existing hypertension - delivered (disorder)",NA
"300","hypertension_pregnancy","198999008","Pre-eclampsia or eclampsia with pre-existing hypertension - delivered (disorder)","2013",380,0.288973384030418,"198999008 - Pre-eclampsia or eclampsia with pre-existing hypertension - delivered (disorder)",NA
"301","hypertension_pregnancy","198999008","Pre-eclampsia or eclampsia with pre-existing hypertension - delivered (disorder)","2014",560,0.313725490196078,"198999008 - Pre-eclampsia or eclampsia with pre-existing hypertension - delivered (disorder)",NA
"302","hypertension_pregnancy","198999008","Pre-eclampsia or eclampsia with pre-existing hypertension - delivered (disorder)","2015",550,0.303867403314917,"198999008 - Pre-eclampsia or eclampsia with pre-existing hypertension - delivered (disorder)",NA
"303","hypertension_pregnancy","198999008","Pre-eclampsia or eclampsia with pre-existing hypertension - delivered (disorder)","2016",580,0.295165394402036,"198999008 - Pre-eclampsia or eclampsia with pre-existing hypertension - delivered (disorder)",NA
"304","hypertension_pregnancy","198999008","Pre-eclampsia or eclampsia with pre-existing hypertension - delivered (disorder)","2017",630,0.329842931937173,"198999008 - Pre-eclampsia or eclampsia with pre-existing hypertension - delivered (disorder)",NA
"305","hypertension_pregnancy","198999008","Pre-eclampsia or eclampsia with pre-existing hypertension - delivered (disorder)","2018",670,0.330864197530864,"198999008 - Pre-eclampsia or eclampsia with pre-existing hypertension - delivered (disorder)",NA
"306","hypertension_pregnancy","198999008","Pre-eclampsia or eclampsia with pre-existing hypertension - delivered (disorder)","2019",440,0.325925925925926,"198999008 - Pre-eclampsia or eclampsia with pre-existing hypertension - delivered (disorder)",NA
"307","hypertension_pregnancy","198999008","Pre-eclampsia or eclampsia with pre-existing hypertension - delivered (disorder)","2020",380,0.336283185840708,"198999008 - Pre-eclampsia or eclampsia with pre-existing hypertension - delivered (disorder)",NA
"308","hypertension_pregnancy","198999008","Pre-eclampsia or eclampsia with pre-existing hypertension - delivered (disorder)","2021",360,0.297520661157025,"198999008 - Pre-eclampsia or eclampsia with pre-existing hypertension - delivered (disorder)",NA
"309","hypertension_pregnancy","198999008","Pre-eclampsia or eclampsia with pre-existing hypertension - delivered (disorder)","2022",410,0.308270676691729,"198999008 - Pre-eclampsia or eclampsia with pre-existing hypertension - delivered (disorder)",NA
"310","hypertension_pregnancy","198999008","Pre-eclampsia or eclampsia with pre-existing hypertension - delivered (disorder)","2023",370,0.302040816326531,"198999008 - Pre-eclampsia or eclampsia with pre-existing hypertension - delivered (disorder)","198999008 - Pre-eclampsia or eclampsia with pre-existing hypertension - delivered (disorder)"
"311","hypertension_pregnancy","199000005","Pre-eclampsia or eclampsia with pre-existing hypertension - delivered with postnatal complication (disorder)","2011",10,0.00980392156862745,"199000005 - Pre-eclampsia or eclampsia with pre-existing hypertension - delivered with postnatal complication (disorder)",NA
"312","hypertension_pregnancy","199000005","Pre-eclampsia or eclampsia with pre-existing hypertension - delivered with postnatal complication (disorder)","2012",10,0.00862068965517241,"199000005 - Pre-eclampsia or eclampsia with pre-existing hypertension - delivered with postnatal complication (disorder)",NA
"313","hypertension_pregnancy","199000005","Pre-eclampsia or eclampsia with pre-existing hypertension - delivered with postnatal complication (disorder)","2013",40,0.0304182509505703,"199000005 - Pre-eclampsia or eclampsia with pre-existing hypertension - delivered with postnatal complication (disorder)",NA
"314","hypertension_pregnancy","199000005","Pre-eclampsia or eclampsia with pre-existing hypertension - delivered with postnatal complication (disorder)","2014",50,0.0280112044817927,"199000005 - Pre-eclampsia or eclampsia with pre-existing hypertension - delivered with postnatal complication (disorder)",NA
"315","hypertension_pregnancy","199000005","Pre-eclampsia or eclampsia with pre-existing hypertension - delivered with postnatal complication (disorder)","2015",80,0.0441988950276243,"199000005 - Pre-eclampsia or eclampsia with pre-existing hypertension - delivered with postnatal complication (disorder)",NA
"316","hypertension_pregnancy","199000005","Pre-eclampsia or eclampsia with pre-existing hypertension - delivered with postnatal complication (disorder)","2016",70,0.0356234096692112,"199000005 - Pre-eclampsia or eclampsia with pre-existing hypertension - delivered with postnatal complication (disorder)",NA
"317","hypertension_pregnancy","199000005","Pre-eclampsia or eclampsia with pre-existing hypertension - delivered with postnatal complication (disorder)","2017",80,0.0418848167539267,"199000005 - Pre-eclampsia or eclampsia with pre-existing hypertension - delivered with postnatal complication (disorder)",NA
"318","hypertension_pregnancy","199000005","Pre-eclampsia or eclampsia with pre-existing hypertension - delivered with postnatal complication (disorder)","2018",80,0.0395061728395062,"199000005 - Pre-eclampsia or eclampsia with pre-existing hypertension - delivered with postnatal complication (disorder)",NA
"319","hypertension_pregnancy","199000005","Pre-eclampsia or eclampsia with pre-existing hypertension - delivered with postnatal complication (disorder)","2019",30,0.0222222222222222,"199000005 - Pre-eclampsia or eclampsia with pre-existing hypertension - delivered with postnatal complication (disorder)",NA
"320","hypertension_pregnancy","199000005","Pre-eclampsia or eclampsia with pre-existing hypertension - delivered with postnatal complication (disorder)","2020",40,0.0353982300884956,"199000005 - Pre-eclampsia or eclampsia with pre-existing hypertension - delivered with postnatal complication (disorder)",NA
"321","hypertension_pregnancy","199000005","Pre-eclampsia or eclampsia with pre-existing hypertension - delivered with postnatal complication (disorder)","2021",20,0.0165289256198347,"199000005 - Pre-eclampsia or eclampsia with pre-existing hypertension - delivered with postnatal complication (disorder)",NA
"322","hypertension_pregnancy","199000005","Pre-eclampsia or eclampsia with pre-existing hypertension - delivered with postnatal complication (disorder)","2022",20,0.0150375939849624,"199000005 - Pre-eclampsia or eclampsia with pre-existing hypertension - delivered with postnatal complication (disorder)",NA
"323","hypertension_pregnancy","199000005","Pre-eclampsia or eclampsia with pre-existing hypertension - delivered with postnatal complication (disorder)","2023",20,0.0163265306122449,"199000005 - Pre-eclampsia or eclampsia with pre-existing hypertension - delivered with postnatal complication (disorder)","199000005 - Pre-eclampsia or eclampsia with pre-existing hypertension - delivered with postnatal complication (disorder)"
"324","hypertension_pregnancy","199002002","Pre-eclampsia or eclampsia with pre-existing hypertension - not delivered (disorder)","2011",10,0.00980392156862745,"199002002 - Pre-eclampsia or eclampsia with pre-existing hypertension - not delivered (disorder)",NA
"325","hypertension_pregnancy","199002002","Pre-eclampsia or eclampsia with pre-existing hypertension - not delivered (disorder)","2012",20,0.0172413793103448,"199002002 - Pre-eclampsia or eclampsia with pre-existing hypertension - not delivered (disorder)",NA
"326","hypertension_pregnancy","199002002","Pre-eclampsia or eclampsia with pre-existing hypertension - not delivered (disorder)","2013",30,0.0228136882129278,"199002002 - Pre-eclampsia or eclampsia with pre-existing hypertension - not delivered (disorder)",NA
"327","hypertension_pregnancy","199002002","Pre-eclampsia or eclampsia with pre-existing hypertension - not delivered (disorder)","2014",50,0.0280112044817927,"199002002 - Pre-eclampsia or eclampsia with pre-existing hypertension - not delivered (disorder)",NA
"328","hypertension_pregnancy","199002002","Pre-eclampsia or eclampsia with pre-existing hypertension - not delivered (disorder)","2015",50,0.0276243093922652,"199002002 - Pre-eclampsia or eclampsia with pre-existing hypertension - not delivered (disorder)",NA
"329","hypertension_pregnancy","199002002","Pre-eclampsia or eclampsia with pre-existing hypertension - not delivered (disorder)","2016",60,0.0305343511450382,"199002002 - Pre-eclampsia or eclampsia with pre-existing hypertension - not delivered (disorder)",NA
"330","hypertension_pregnancy","199002002","Pre-eclampsia or eclampsia with pre-existing hypertension - not delivered (disorder)","2017",40,0.0209424083769634,"199002002 - Pre-eclampsia or eclampsia with pre-existing hypertension - not delivered (disorder)",NA
"331","hypertension_pregnancy","199002002","Pre-eclampsia or eclampsia with pre-existing hypertension - not delivered (disorder)","2018",70,0.0345679012345679,"199002002 - Pre-eclampsia or eclampsia with pre-existing hypertension - not delivered (disorder)",NA
"332","hypertension_pregnancy","199002002","Pre-eclampsia or eclampsia with pre-existing hypertension - not delivered (disorder)","2019",40,0.0296296296296296,"199002002 - Pre-eclampsia or eclampsia with pre-existing hypertension - not delivered (disorder)",NA
"333","hypertension_pregnancy","199002002","Pre-eclampsia or eclampsia with pre-existing hypertension - not delivered (disorder)","2020",30,0.0265486725663717,"199002002 - Pre-eclampsia or eclampsia with pre-existing hypertension - not delivered (disorder)",NA
"334","hypertension_pregnancy","199002002","Pre-eclampsia or eclampsia with pre-existing hypertension - not delivered (disorder)","2021",30,0.0247933884297521,"199002002 - Pre-eclampsia or eclampsia with pre-existing hypertension - not delivered (disorder)",NA
"335","hypertension_pregnancy","199002002","Pre-eclampsia or eclampsia with pre-existing hypertension - not delivered (disorder)","2022",40,0.0300751879699248,"199002002 - Pre-eclampsia or eclampsia with pre-existing hypertension - not delivered (disorder)",NA
"336","hypertension_pregnancy","199002002","Pre-eclampsia or eclampsia with pre-existing hypertension - not delivered (disorder)","2023",70,0.0571428571428571,"199002002 - Pre-eclampsia or eclampsia with pre-existing hypertension - not delivered (disorder)","199002002 - Pre-eclampsia or eclampsia with pre-existing hypertension - not delivered (disorder)"
"337","hypertension_pregnancy","199003007","Pre-eclampsia or eclampsia with pre-existing hypertension with postnatal complication (disorder)","2011",30,0.0294117647058824,"199003007 - Pre-eclampsia or eclampsia with pre-existing hypertension with postnatal complication (disorder)",NA
"338","hypertension_pregnancy","199003007","Pre-eclampsia or eclampsia with pre-existing hypertension with postnatal complication (disorder)","2012",70,0.0603448275862069,"199003007 - Pre-eclampsia or eclampsia with pre-existing hypertension with postnatal complication (disorder)",NA
"339","hypertension_pregnancy","199003007","Pre-eclampsia or eclampsia with pre-existing hypertension with postnatal complication (disorder)","2013",40,0.0304182509505703,"199003007 - Pre-eclampsia or eclampsia with pre-existing hypertension with postnatal complication (disorder)",NA
"340","hypertension_pregnancy","199003007","Pre-eclampsia or eclampsia with pre-existing hypertension with postnatal complication (disorder)","2014",30,0.0168067226890756,"199003007 - Pre-eclampsia or eclampsia with pre-existing hypertension with postnatal complication (disorder)",NA
"341","hypertension_pregnancy","199003007","Pre-eclampsia or eclampsia with pre-existing hypertension with postnatal complication (disorder)","2015",40,0.0220994475138122,"199003007 - Pre-eclampsia or eclampsia with pre-existing hypertension with postnatal complication (disorder)",NA
"342","hypertension_pregnancy","199003007","Pre-eclampsia or eclampsia with pre-existing hypertension with postnatal complication (disorder)","2016",40,0.0203562340966921,"199003007 - Pre-eclampsia or eclampsia with pre-existing hypertension with postnatal complication (disorder)",NA
"343","hypertension_pregnancy","199003007","Pre-eclampsia or eclampsia with pre-existing hypertension with postnatal complication (disorder)","2017",30,0.0157068062827225,"199003007 - Pre-eclampsia or eclampsia with pre-existing hypertension with postnatal complication (disorder)",NA
"344","hypertension_pregnancy","199003007","Pre-eclampsia or eclampsia with pre-existing hypertension with postnatal complication (disorder)","2018",40,0.0197530864197531,"199003007 - Pre-eclampsia or eclampsia with pre-existing hypertension with postnatal complication (disorder)",NA
"345","hypertension_pregnancy","199003007","Pre-eclampsia or eclampsia with pre-existing hypertension with postnatal complication (disorder)","2019",10,0.00740740740740741,"199003007 - Pre-eclampsia or eclampsia with pre-existing hypertension with postnatal complication (disorder)",NA
"346","hypertension_pregnancy","199003007","Pre-eclampsia or eclampsia with pre-existing hypertension with postnatal complication (disorder)","2020",10,0.00884955752212389,"199003007 - Pre-eclampsia or eclampsia with pre-existing hypertension with postnatal complication (disorder)",NA
"347","hypertension_pregnancy","199003007","Pre-eclampsia or eclampsia with pre-existing hypertension with postnatal complication (disorder)","2021",30,0.0247933884297521,"199003007 - Pre-eclampsia or eclampsia with pre-existing hypertension with postnatal complication (disorder)",NA
"348","hypertension_pregnancy","199003007","Pre-eclampsia or eclampsia with pre-existing hypertension with postnatal complication (disorder)","2022",20,0.0150375939849624,"199003007 - Pre-eclampsia or eclampsia with pre-existing hypertension with postnatal complication (disorder)",NA
"349","hypertension_pregnancy","199003007","Pre-eclampsia or eclampsia with pre-existing hypertension with postnatal complication (disorder)","2023",30,0.0244897959183673,"199003007 - Pre-eclampsia or eclampsia with pre-existing hypertension with postnatal complication (disorder)","199003007 - Pre-eclampsia or eclampsia with pre-existing hypertension with postnatal complication (disorder)"
"350","hypertension_pregnancy","199005000","Pre-existing hypertension complicating pregnancy, childbirth and puerperium (disorder)","2011",10,0.00980392156862745,"199005000 - Pre-existing hypertension complicating pregnancy, childbirth and puerperium (disorder)",NA
"351","hypertension_pregnancy","199005000","Pre-existing hypertension complicating pregnancy, childbirth and puerperium (disorder)","2013",5,0.00380228136882129,"199005000 - Pre-existing hypertension complicating pregnancy, childbirth and puerperium (disorder)",NA
"352","hypertension_pregnancy","199005000","Pre-existing hypertension complicating pregnancy, childbirth and puerperium (disorder)","2014",5,0.00280112044817927,"199005000 - Pre-existing hypertension complicating pregnancy, childbirth and puerperium (disorder)",NA
"353","hypertension_pregnancy","199005000","Pre-existing hypertension complicating pregnancy, childbirth and puerperium (disorder)","2015",10,0.00552486187845304,"199005000 - Pre-existing hypertension complicating pregnancy, childbirth and puerperium (disorder)",NA
"354","hypertension_pregnancy","199005000","Pre-existing hypertension complicating pregnancy, childbirth and puerperium (disorder)","2016",5,0.00254452926208651,"199005000 - Pre-existing hypertension complicating pregnancy, childbirth and puerperium (disorder)",NA
"355","hypertension_pregnancy","199005000","Pre-existing hypertension complicating pregnancy, childbirth and puerperium (disorder)","2017",5,0.00261780104712042,"199005000 - Pre-existing hypertension complicating pregnancy, childbirth and puerperium (disorder)",NA
"356","hypertension_pregnancy","199005000","Pre-existing hypertension complicating pregnancy, childbirth and puerperium (disorder)","2018",10,0.00493827160493827,"199005000 - Pre-existing hypertension complicating pregnancy, childbirth and puerperium (disorder)",NA
"357","hypertension_pregnancy","199005000","Pre-existing hypertension complicating pregnancy, childbirth and puerperium (disorder)","2019",10,0.00740740740740741,"199005000 - Pre-existing hypertension complicating pregnancy, childbirth and puerperium (disorder)",NA
"358","hypertension_pregnancy","199005000","Pre-existing hypertension complicating pregnancy, childbirth and puerperium (disorder)","2020",10,0.00884955752212389,"199005000 - Pre-existing hypertension complicating pregnancy, childbirth and puerperium (disorder)",NA
"359","hypertension_pregnancy","199005000","Pre-existing hypertension complicating pregnancy, childbirth and puerperium (disorder)","2021",10,0.00826446280991736,"199005000 - Pre-existing hypertension complicating pregnancy, childbirth and puerperium (disorder)",NA
"360","hypertension_pregnancy","199005000","Pre-existing hypertension complicating pregnancy, childbirth and puerperium (disorder)","2022",5,0.0037593984962406,"199005000 - Pre-existing hypertension complicating pregnancy, childbirth and puerperium (disorder)",NA
"361","hypertension_pregnancy","199005000","Pre-existing hypertension complicating pregnancy, childbirth and puerperium (disorder)","2023",10,0.00816326530612245,"199005000 - Pre-existing hypertension complicating pregnancy, childbirth and puerperium (disorder)","199005000 - Pre-existing hypertension complicating pregnancy, childbirth and puerperium (disorder)"
"362","hypertension_pregnancy","199008003","Pre-existing secondary hypertension complicating pregnancy, childbirth and puerperium (disorder)","2011",10,0.00980392156862745,"199008003 - Pre-existing secondary hypertension complicating pregnancy, childbirth and puerperium (disorder)",NA
"363","hypertension_pregnancy","199008003","Pre-existing secondary hypertension complicating pregnancy, childbirth and puerperium (disorder)","2012",20,0.0172413793103448,"199008003 - Pre-existing secondary hypertension complicating pregnancy, childbirth and puerperium (disorder)",NA
"364","hypertension_pregnancy","199008003","Pre-existing secondary hypertension complicating pregnancy, childbirth and puerperium (disorder)","2013",5,0.00380228136882129,"199008003 - Pre-existing secondary hypertension complicating pregnancy, childbirth and puerperium (disorder)",NA
"365","hypertension_pregnancy","199008003","Pre-existing secondary hypertension complicating pregnancy, childbirth and puerperium (disorder)","2014",10,0.00560224089635854,"199008003 - Pre-existing secondary hypertension complicating pregnancy, childbirth and puerperium (disorder)",NA
"366","hypertension_pregnancy","199008003","Pre-existing secondary hypertension complicating pregnancy, childbirth and puerperium (disorder)","2015",5,0.00276243093922652,"199008003 - Pre-existing secondary hypertension complicating pregnancy, childbirth and puerperium (disorder)",NA
"367","hypertension_pregnancy","199008003","Pre-existing secondary hypertension complicating pregnancy, childbirth and puerperium (disorder)","2016",10,0.00508905852417303,"199008003 - Pre-existing secondary hypertension complicating pregnancy, childbirth and puerperium (disorder)",NA
"368","hypertension_pregnancy","199008003","Pre-existing secondary hypertension complicating pregnancy, childbirth and puerperium (disorder)","2018",5,0.00246913580246914,"199008003 - Pre-existing secondary hypertension complicating pregnancy, childbirth and puerperium (disorder)",NA
"369","hypertension_pregnancy","199008003","Pre-existing secondary hypertension complicating pregnancy, childbirth and puerperium (disorder)","2019",5,0.0037037037037037,"199008003 - Pre-existing secondary hypertension complicating pregnancy, childbirth and puerperium (disorder)",NA
"370","hypertension_pregnancy","199008003","Pre-existing secondary hypertension complicating pregnancy, childbirth and puerperium (disorder)","2020",10,0.00884955752212389,"199008003 - Pre-existing secondary hypertension complicating pregnancy, childbirth and puerperium (disorder)",NA
"371","hypertension_pregnancy","199008003","Pre-existing secondary hypertension complicating pregnancy, childbirth and puerperium (disorder)","2021",10,0.00826446280991736,"199008003 - Pre-existing secondary hypertension complicating pregnancy, childbirth and puerperium (disorder)",NA
"372","hypertension_pregnancy","199008003","Pre-existing secondary hypertension complicating pregnancy, childbirth and puerperium (disorder)","2023",10,0.00816326530612245,"199008003 - Pre-existing secondary hypertension complicating pregnancy, childbirth and puerperium (disorder)","199008003 - Pre-existing secondary hypertension complicating pregnancy, childbirth and puerperium (disorder)"
"373","hypertension_pregnancy","67359005","Pre-eclampsia added to pre-existing hypertension (disorder)","2011",10,0.00980392156862745,"67359005 - Pre-eclampsia added to pre-existing hypertension (disorder)",NA
"374","hypertension_pregnancy","67359005","Pre-eclampsia added to pre-existing hypertension (disorder)","2012",5,0.00431034482758621,"67359005 - Pre-eclampsia added to pre-existing hypertension (disorder)",NA
"375","hypertension_pregnancy","67359005","Pre-eclampsia added to pre-existing hypertension (disorder)","2013",10,0.00760456273764259,"67359005 - Pre-eclampsia added to pre-existing hypertension (disorder)",NA
"376","hypertension_pregnancy","67359005","Pre-eclampsia added to pre-existing hypertension (disorder)","2014",10,0.00560224089635854,"67359005 - Pre-eclampsia added to pre-existing hypertension (disorder)",NA
"377","hypertension_pregnancy","67359005","Pre-eclampsia added to pre-existing hypertension (disorder)","2015",5,0.00276243093922652,"67359005 - Pre-eclampsia added to pre-existing hypertension (disorder)",NA
"378","hypertension_pregnancy","67359005","Pre-eclampsia added to pre-existing hypertension (disorder)","2016",10,0.00508905852417303,"67359005 - Pre-eclampsia added to pre-existing hypertension (disorder)",NA
"379","hypertension_pregnancy","67359005","Pre-eclampsia added to pre-existing hypertension (disorder)","2017",10,0.00523560209424084,"67359005 - Pre-eclampsia added to pre-existing hypertension (disorder)",NA
"380","hypertension_pregnancy","67359005","Pre-eclampsia added to pre-existing hypertension (disorder)","2018",5,0.00246913580246914,"67359005 - Pre-eclampsia added to pre-existing hypertension (disorder)",NA
"381","hypertension_pregnancy","67359005","Pre-eclampsia added to pre-existing hypertension (disorder)","2019",5,0.0037037037037037,"67359005 - Pre-eclampsia added to pre-existing hypertension (disorder)",NA
"382","hypertension_pregnancy","67359005","Pre-eclampsia added to pre-existing hypertension (disorder)","2020",10,0.00884955752212389,"67359005 - Pre-eclampsia added to pre-existing hypertension (disorder)",NA
"383","hypertension_pregnancy","67359005","Pre-eclampsia added to pre-existing hypertension (disorder)","2021",10,0.00826446280991736,"67359005 - Pre-eclampsia added to pre-existing hypertension (disorder)",NA
"384","hypertension_pregnancy","67359005","Pre-eclampsia added to pre-existing hypertension (disorder)","2022",20,0.0150375939849624,"67359005 - Pre-eclampsia added to pre-existing hypertension (disorder)",NA
"385","hypertension_pregnancy","67359005","Pre-eclampsia added to pre-existing hypertension (disorder)","2023",30,0.0244897959183673,"67359005 - Pre-eclampsia added to pre-existing hypertension (disorder)","67359005 - Pre-eclampsia added to pre-existing hypertension (disorder)"
"386","hypertension_pregnancy","86041002","Pre-existing hypertension in obstetric context (disorder)","2011",110,0.107843137254902,"86041002 - Pre-existing hypertension in obstetric context (disorder)",NA
"387","hypertension_pregnancy","86041002","Pre-existing hypertension in obstetric context (disorder)","2012",90,0.0775862068965517,"86041002 - Pre-existing hypertension in obstetric context (disorder)",NA
"388","hypertension_pregnancy","86041002","Pre-existing hypertension in obstetric context (disorder)","2013",150,0.114068441064639,"86041002 - Pre-existing hypertension in obstetric context (disorder)",NA
"389","hypertension_pregnancy","86041002","Pre-existing hypertension in obstetric context (disorder)","2014",170,0.0952380952380952,"86041002 - Pre-existing hypertension in obstetric context (disorder)",NA
"390","hypertension_pregnancy","86041002","Pre-existing hypertension in obstetric context (disorder)","2015",150,0.0828729281767956,"86041002 - Pre-existing hypertension in obstetric context (disorder)",NA
"391","hypertension_pregnancy","86041002","Pre-existing hypertension in obstetric context (disorder)","2016",150,0.0763358778625954,"86041002 - Pre-existing hypertension in obstetric context (disorder)",NA
"392","hypertension_pregnancy","86041002","Pre-existing hypertension in obstetric context (disorder)","2017",190,0.0994764397905759,"86041002 - Pre-existing hypertension in obstetric context (disorder)",NA
"393","hypertension_pregnancy","86041002","Pre-existing hypertension in obstetric context (disorder)","2018",200,0.0987654320987654,"86041002 - Pre-existing hypertension in obstetric context (disorder)",NA
"394","hypertension_pregnancy","86041002","Pre-existing hypertension in obstetric context (disorder)","2019",100,0.0740740740740741,"86041002 - Pre-existing hypertension in obstetric context (disorder)",NA
"395","hypertension_pregnancy","86041002","Pre-existing hypertension in obstetric context (disorder)","2020",80,0.0707964601769911,"86041002 - Pre-existing hypertension in obstetric context (disorder)",NA
"396","hypertension_pregnancy","86041002","Pre-existing hypertension in obstetric context (disorder)","2021",110,0.0909090909090909,"86041002 - Pre-existing hypertension in obstetric context (disorder)",NA
"397","hypertension_pregnancy","86041002","Pre-existing hypertension in obstetric context (disorder)","2022",150,0.112781954887218,"86041002 - Pre-existing hypertension in obstetric context (disorder)",NA
"398","hypertension_pregnancy","86041002","Pre-existing hypertension in obstetric context (disorder)","2023",130,0.106122448979592,"86041002 - Pre-existing hypertension in obstetric context (disorder)","86041002 - Pre-existing hypertension in obstetric context (disorder)"
"399","hypertension_pregnancy","8762007","Chronic hypertension in obstetric context (disorder)","2019",5,0.0037037037037037,"8762007 - Chronic hypertension in obstetric context (disorder)",NA
"400","hypertension_pregnancy","8762007","Chronic hypertension in obstetric context (disorder)","2020",5,0.00442477876106195,"8762007 - Chronic hypertension in obstetric context (disorder)",NA
"401","hypertension_pregnancy","8762007","Chronic hypertension in obstetric context (disorder)","2021",30,0.0247933884297521,"8762007 - Chronic hypertension in obstetric context (disorder)",NA
"402","hypertension_pregnancy","8762007","Chronic hypertension in obstetric context (disorder)","2022",20,0.0150375939849624,"8762007 - Chronic hypertension in obstetric context (disorder)",NA
"403","hypertension_pregnancy","8762007","Chronic hypertension in obstetric context (disorder)","2023",70,0.0571428571428571,"8762007 - Chronic hypertension in obstetric context (disorder)","8762007 - Chronic hypertension in obstetric context (disorder)"
"404","multiple_gestation","102876002","Multigravida (finding)","2011",1590,0.0975160993560258,"102876002 - Multigravida (finding)",NA
"405","multiple_gestation","102876002","Multigravida (finding)","2012",2050,0.122315035799523,"102876002 - Multigravida (finding)",NA
"406","multiple_gestation","102876002","Multigravida (finding)","2013",2880,0.152219873150106,"102876002 - Multigravida (finding)",NA
"407","multiple_gestation","102876002","Multigravida (finding)","2014",3340,0.171457905544148,"102876002 - Multigravida (finding)",NA
"408","multiple_gestation","102876002","Multigravida (finding)","2015",3910,0.19559779889945,"102876002 - Multigravida (finding)",NA
"409","multiple_gestation","102876002","Multigravida (finding)","2016",3970,0.176640711902113,"102876002 - Multigravida (finding)",NA
"410","multiple_gestation","102876002","Multigravida (finding)","2017",3450,0.15968525804212,"102876002 - Multigravida (finding)",NA
"411","multiple_gestation","102876002","Multigravida (finding)","2018",3550,0.158801163050772,"102876002 - Multigravida (finding)",NA
"412","multiple_gestation","102876002","Multigravida (finding)","2019",1600,0.0869801576515357,"102876002 - Multigravida (finding)",NA
"413","multiple_gestation","102876002","Multigravida (finding)","2020",1340,0.0742999722761297,"102876002 - Multigravida (finding)",NA
"414","multiple_gestation","102876002","Multigravida (finding)","2021",1670,0.0870471722700026,"102876002 - Multigravida (finding)",NA
"415","multiple_gestation","102876002","Multigravida (finding)","2022",1970,0.0957472660996355,"102876002 - Multigravida (finding)",NA
"416","multiple_gestation","102876002","Multigravida (finding)","2023",1860,0.0892300311825378,"102876002 - Multigravida (finding)","102876002 - Multigravida (finding)"
"417","multiple_gestation","13404009","Twin-to-twin blood transfer (disorder)","2011",30,0.00183992640294388,"13404009 - Twin-to-twin blood transfer (disorder)",NA
"418","multiple_gestation","13404009","Twin-to-twin blood transfer (disorder)","2012",30,0.00178997613365155,"13404009 - Twin-to-twin blood transfer (disorder)",NA
"419","multiple_gestation","13404009","Twin-to-twin blood transfer (disorder)","2013",60,0.00317124735729387,"13404009 - Twin-to-twin blood transfer (disorder)",NA
"420","multiple_gestation","13404009","Twin-to-twin blood transfer (disorder)","2014",60,0.00308008213552361,"13404009 - Twin-to-twin blood transfer (disorder)",NA
"421","multiple_gestation","13404009","Twin-to-twin blood transfer (disorder)","2015",60,0.00300150075037519,"13404009 - Twin-to-twin blood transfer (disorder)",NA
"422","multiple_gestation","13404009","Twin-to-twin blood transfer (disorder)","2016",60,0.00266963292547275,"13404009 - Twin-to-twin blood transfer (disorder)",NA
"423","multiple_gestation","13404009","Twin-to-twin blood transfer (disorder)","2017",80,0.00370284656329553,"13404009 - Twin-to-twin blood transfer (disorder)",NA
"424","multiple_gestation","13404009","Twin-to-twin blood transfer (disorder)","2018",50,0.00223663609930664,"13404009 - Twin-to-twin blood transfer (disorder)",NA
"425","multiple_gestation","13404009","Twin-to-twin blood transfer (disorder)","2019",100,0.00543625985322098,"13404009 - Twin-to-twin blood transfer (disorder)",NA
"426","multiple_gestation","13404009","Twin-to-twin blood transfer (disorder)","2020",120,0.00665372886054893,"13404009 - Twin-to-twin blood transfer (disorder)",NA
"427","multiple_gestation","13404009","Twin-to-twin blood transfer (disorder)","2021",180,0.00938232994526974,"13404009 - Twin-to-twin blood transfer (disorder)",NA
"428","multiple_gestation","13404009","Twin-to-twin blood transfer (disorder)","2022",130,0.006318347509113,"13404009 - Twin-to-twin blood transfer (disorder)",NA
"429","multiple_gestation","13404009","Twin-to-twin blood transfer (disorder)","2023",160,0.00767570160710002,"13404009 - Twin-to-twin blood transfer (disorder)","13404009 - Twin-to-twin blood transfer (disorder)"
"430","multiple_gestation","16356006","Multiple pregnancy (disorder)","2011",230,0.0141061024225698,"16356006 - Multiple pregnancy (disorder)",NA
"431","multiple_gestation","16356006","Multiple pregnancy (disorder)","2012",240,0.0143198090692124,"16356006 - Multiple pregnancy (disorder)",NA
"432","multiple_gestation","16356006","Multiple pregnancy (disorder)","2013",270,0.0142706131078224,"16356006 - Multiple pregnancy (disorder)",NA
"433","multiple_gestation","16356006","Multiple pregnancy (disorder)","2014",270,0.0138603696098563,"16356006 - Multiple pregnancy (disorder)",NA
"434","multiple_gestation","16356006","Multiple pregnancy (disorder)","2015",260,0.0130065032516258,"16356006 - Multiple pregnancy (disorder)",NA
"435","multiple_gestation","16356006","Multiple pregnancy (disorder)","2016",300,0.0133481646273637,"16356006 - Multiple pregnancy (disorder)",NA
"436","multiple_gestation","16356006","Multiple pregnancy (disorder)","2017",320,0.0148113862531821,"16356006 - Multiple pregnancy (disorder)",NA
"437","multiple_gestation","16356006","Multiple pregnancy (disorder)","2018",270,0.0120778349362559,"16356006 - Multiple pregnancy (disorder)",NA
"438","multiple_gestation","16356006","Multiple pregnancy (disorder)","2019",370,0.0201141614569176,"16356006 - Multiple pregnancy (disorder)",NA
"439","multiple_gestation","16356006","Multiple pregnancy (disorder)","2020",320,0.0177432769614638,"16356006 - Multiple pregnancy (disorder)",NA
"440","multiple_gestation","16356006","Multiple pregnancy (disorder)","2021",380,0.0198071409955695,"16356006 - Multiple pregnancy (disorder)",NA
"441","multiple_gestation","16356006","Multiple pregnancy (disorder)","2022",410,0.0199270959902795,"16356006 - Multiple pregnancy (disorder)",NA
"442","multiple_gestation","16356006","Multiple pregnancy (finding)","2023",380,0.0182297913168626,"16356006 - Multiple pregnancy (finding)","16356006 - Multiple pregnancy (finding)"
"443","multiple_gestation","169576004","Antenatal care of multipara (regime/therapy)","2011",2660,0.163140141061024,"169576004 - Antenatal care of multipara (regime/therapy)",NA
"444","multiple_gestation","169576004","Antenatal care of multipara (regime/therapy)","2012",2130,0.12708830548926,"169576004 - Antenatal care of multipara (regime/therapy)",NA
"445","multiple_gestation","169576004","Antenatal care of multipara (regime/therapy)","2013",2850,0.150634249471459,"169576004 - Antenatal care of multipara (regime/therapy)",NA
"446","multiple_gestation","169576004","Antenatal care of multipara (regime/therapy)","2014",2120,0.108829568788501,"169576004 - Antenatal care of multipara (regime/therapy)",NA
"447","multiple_gestation","169576004","Antenatal care of multipara (regime/therapy)","2015",1500,0.0750375187593797,"169576004 - Antenatal care of multipara (regime/therapy)",NA
"448","multiple_gestation","169576004","Antenatal care of multipara (regime/therapy)","2016",1940,0.0863181312569522,"169576004 - Antenatal care of multipara (regime/therapy)",NA
"449","multiple_gestation","169576004","Antenatal care of multipara (regime/therapy)","2017",1810,0.0837769034945614,"169576004 - Antenatal care of multipara (regime/therapy)",NA
"450","multiple_gestation","169576004","Antenatal care of multipara (regime/therapy)","2018",2120,0.0948333706106017,"169576004 - Antenatal care of multipara (regime/therapy)",NA
"451","multiple_gestation","169576004","Antenatal care of multipara (regime/therapy)","2019",1590,0.0864365316662137,"169576004 - Antenatal care of multipara (regime/therapy)",NA
"452","multiple_gestation","169576004","Antenatal care of multipara (regime/therapy)","2020",1630,0.0903798170224563,"169576004 - Antenatal care of multipara (regime/therapy)",NA
"453","multiple_gestation","169576004","Antenatal care of multipara (regime/therapy)","2021",1830,0.0953870211102424,"169576004 - Antenatal care of multipara (regime/therapy)",NA
"454","multiple_gestation","169576004","Antenatal care of multipara (regime/therapy)","2022",1930,0.0938031591737546,"169576004 - Antenatal care of multipara (regime/therapy)",NA
"455","multiple_gestation","169576004","Antenatal care of multipara (regime/therapy)","2023",2130,0.102182777644519,"169576004 - Antenatal care of multipara (regime/therapy)","169576004 - Antenatal care of multipara (regime/therapy)"
"456","multiple_gestation","169828005","Twins - both live born (finding)","2011",3610,0.221404477154247,"169828005 - Twins - both live born (finding)",NA
"457","multiple_gestation","169828005","Twins - both live born (finding)","2012",3390,0.202267303102625,"169828005 - Twins - both live born (finding)",NA
"458","multiple_gestation","169828005","Twins - both live born (finding)","2013",3380,0.178646934460888,"169828005 - Twins - both live born (finding)",NA
"459","multiple_gestation","169828005","Twins - both live born (finding)","2014",3610,0.185318275154004,"169828005 - Twins - both live born (finding)",NA
"460","multiple_gestation","169828005","Twins - both live born (finding)","2015",3820,0.191095547773887,"169828005 - Twins - both live born (finding)",NA
"461","multiple_gestation","169828005","Twins - both live born (finding)","2016",4450,0.197997775305895,"169828005 - Twins - both live born (finding)",NA
"462","multiple_gestation","169828005","Twins - both live born (finding)","2017",4350,0.201342281879195,"169828005 - Twins - both live born (finding)",NA
"463","multiple_gestation","169828005","Twins - both live born (finding)","2018",4540,0.203086557817043,"169828005 - Twins - both live born (finding)",NA
"464","multiple_gestation","169828005","Twins - both live born (finding)","2019",4220,0.229410165805926,"169828005 - Twins - both live born (finding)",NA
"465","multiple_gestation","169828005","Twins - both live born (finding)","2020",4130,0.228999168283892,"169828005 - Twins - both live born (finding)",NA
"466","multiple_gestation","169828005","Twins - both live born (finding)","2021",4110,0.214229867083659,"169828005 - Twins - both live born (finding)",NA
"467","multiple_gestation","169828005","Twins - both live born (finding)","2022",4340,0.21093560145808,"169828005 - Twins - both live born (finding)",NA
"468","multiple_gestation","169828005","Twins - both live born (finding)","2023",4560,0.218757495802351,"169828005 - Twins - both live born (finding)","169828005 - Twins - both live born (finding)"
"469","multiple_gestation","169829002","Twins - one still and one live born (finding)","2011",130,0.00797301441275682,"169829002 - Twins - one still and one live born (finding)",NA
"470","multiple_gestation","169829002","Twins - one still and one live born (finding)","2012",160,0.00954653937947494,"169829002 - Twins - one still and one live born (finding)",NA
"471","multiple_gestation","169829002","Twins - one still and one live born (finding)","2013",140,0.00739957716701903,"169829002 - Twins - one still and one live born (finding)",NA
"472","multiple_gestation","169829002","Twins - one still and one live born (finding)","2014",130,0.0066735112936345,"169829002 - Twins - one still and one live born (finding)",NA
"473","multiple_gestation","169829002","Twins - one still and one live born (finding)","2015",160,0.0080040020010005,"169829002 - Twins - one still and one live born (finding)",NA
"474","multiple_gestation","169829002","Twins - one still and one live born (finding)","2016",170,0.00756395995550612,"169829002 - Twins - one still and one live born (finding)",NA
"475","multiple_gestation","169829002","Twins - one still and one live born (finding)","2017",130,0.00601712566535524,"169829002 - Twins - one still and one live born (finding)",NA
"476","multiple_gestation","169829002","Twins - one still and one live born (finding)","2018",200,0.00894654439722657,"169829002 - Twins - one still and one live born (finding)",NA
"477","multiple_gestation","169829002","Twins - one still and one live born (finding)","2019",160,0.00869801576515357,"169829002 - Twins - one still and one live born (finding)",NA
"478","multiple_gestation","169829002","Twins - one still and one live born (finding)","2020",150,0.00831716107568617,"169829002 - Twins - one still and one live born (finding)",NA
"479","multiple_gestation","169829002","Twins - one still and one live born (finding)","2021",170,0.00886108939275476,"169829002 - Twins - one still and one live born (finding)",NA
"480","multiple_gestation","169829002","Twins - one still and one live born (finding)","2022",190,0.00923450789793439,"169829002 - Twins - one still and one live born (finding)",NA
"481","multiple_gestation","169829002","Twins - one still and one live born (finding)","2023",180,0.00863516430798753,"169829002 - Twins - one still and one live born (finding)","169829002 - Twins - one still and one live born (finding)"
"482","multiple_gestation","199317008","Twin pregnancy - delivered (finding)","2011",820,0.0502913216804661,"199317008 - Twin pregnancy - delivered (finding)",NA
"483","multiple_gestation","199317008","Twin pregnancy - delivered (finding)","2012",920,0.0548926014319809,"199317008 - Twin pregnancy - delivered (finding)",NA
"484","multiple_gestation","199317008","Twin pregnancy - delivered (finding)","2013",940,0.0496828752642706,"199317008 - Twin pregnancy - delivered (finding)",NA
"485","multiple_gestation","199317008","Twin pregnancy - delivered (finding)","2014",1030,0.0528747433264887,"199317008 - Twin pregnancy - delivered (finding)",NA
"486","multiple_gestation","199317008","Twin pregnancy - delivered (finding)","2015",1000,0.0500250125062531,"199317008 - Twin pregnancy - delivered (finding)",NA
"487","multiple_gestation","199317008","Twin pregnancy - delivered (finding)","2016",1190,0.0529477196885428,"199317008 - Twin pregnancy - delivered (finding)",NA
"488","multiple_gestation","199317008","Twin pregnancy - delivered (finding)","2017",1270,0.0587826891923166,"199317008 - Twin pregnancy - delivered (finding)",NA
"489","multiple_gestation","199317008","Twin pregnancy - delivered (finding)","2018",1190,0.0532319391634981,"199317008 - Twin pregnancy - delivered (finding)",NA
"490","multiple_gestation","199317008","Twin pregnancy - delivered (finding)","2019",1070,0.0581679804294645,"199317008 - Twin pregnancy - delivered (finding)",NA
"491","multiple_gestation","199317008","Twin pregnancy - delivered (finding)","2020",1150,0.0637649015802606,"199317008 - Twin pregnancy - delivered (finding)",NA
"492","multiple_gestation","199317008","Twin pregnancy - delivered (finding)","2021",1080,0.0562939796716184,"199317008 - Twin pregnancy - delivered (finding)",NA
"493","multiple_gestation","199317008","Twin pregnancy - delivered (finding)","2022",1160,0.0563791008505468,"199317008 - Twin pregnancy - delivered (finding)",NA
"494","multiple_gestation","199317008","Twin pregnancy - delivered (finding)","2023",710,0.0340609258815064,"199317008 - Twin pregnancy - delivered (finding)","199317008 - Twin pregnancy - delivered (finding)"
"495","multiple_gestation","199331008","Multiple delivery, all by cesarean section (finding)","2011",50,0.00306654400490647,"199331008 - Multiple delivery, all by cesarean section (finding)",NA
"496","multiple_gestation","199331008","Multiple delivery, all by cesarean section (finding)","2012",100,0.00596658711217184,"199331008 - Multiple delivery, all by cesarean section (finding)",NA
"497","multiple_gestation","199331008","Multiple delivery, all by cesarean section (finding)","2013",100,0.00528541226215645,"199331008 - Multiple delivery, all by cesarean section (finding)",NA
"498","multiple_gestation","199331008","Multiple delivery, all by cesarean section (finding)","2014",100,0.00513347022587269,"199331008 - Multiple delivery, all by cesarean section (finding)",NA
"499","multiple_gestation","199331008","Multiple delivery, all by cesarean section (finding)","2015",80,0.00400200100050025,"199331008 - Multiple delivery, all by cesarean section (finding)",NA
"500","multiple_gestation","199331008","Multiple delivery, all by cesarean section (finding)","2016",100,0.00444938820912125,"199331008 - Multiple delivery, all by cesarean section (finding)",NA
"501","multiple_gestation","199331008","Multiple delivery, all by cesarean section (finding)","2017",110,0.00509141402453136,"199331008 - Multiple delivery, all by cesarean section (finding)",NA
"502","multiple_gestation","199331008","Multiple delivery, all by cesarean section (finding)","2018",80,0.00357861775889063,"199331008 - Multiple delivery, all by cesarean section (finding)",NA
"503","multiple_gestation","199331008","Multiple delivery, all by cesarean section (finding)","2019",70,0.00380538189725469,"199331008 - Multiple delivery, all by cesarean section (finding)",NA
"504","multiple_gestation","199331008","Multiple delivery, all by cesarean section (finding)","2020",80,0.00443581924036596,"199331008 - Multiple delivery, all by cesarean section (finding)",NA
"505","multiple_gestation","199331008","Multiple delivery, all by cesarean section (finding)","2021",180,0.00938232994526974,"199331008 - Multiple delivery, all by cesarean section (finding)",NA
"506","multiple_gestation","199331008","Multiple delivery, all by cesarean section (finding)","2022",320,0.0155528554070474,"199331008 - Multiple delivery, all by cesarean section (finding)",NA
"507","multiple_gestation","199331008","Multiple delivery, all by cesarean section (finding)","2023",390,0.0187095226673063,"199331008 - Multiple delivery, all by cesarean section (finding)","199331008 - Multiple delivery, all by cesarean section (finding)"
"508","multiple_gestation","28030000","Twin birth (finding)","2011",1580,0.0969027905550445,"28030000 - Twin birth (finding)",NA
"509","multiple_gestation","28030000","Twin birth (finding)","2012",1730,0.103221957040573,"28030000 - Twin birth (finding)",NA
"510","multiple_gestation","28030000","Twin birth (finding)","2013",1720,0.0909090909090909,"28030000 - Twin birth (finding)",NA
"511","multiple_gestation","28030000","Twin birth (finding)","2014",1900,0.0975359342915811,"28030000 - Twin birth (finding)",NA
"512","multiple_gestation","28030000","Twin birth (finding)","2015",1920,0.096048024012006,"28030000 - Twin birth (finding)",NA
"513","multiple_gestation","28030000","Twin birth (finding)","2016",2220,0.0987764182424917,"28030000 - Twin birth (finding)",NA
"514","multiple_gestation","28030000","Twin birth (finding)","2017",2220,0.102753992131451,"28030000 - Twin birth (finding)",NA
"515","multiple_gestation","28030000","Twin birth (finding)","2018",2540,0.113621113844777,"28030000 - Twin birth (finding)",NA
"516","multiple_gestation","28030000","Twin birth (finding)","2019",2320,0.126121228594727,"28030000 - Twin birth (finding)",NA
"517","multiple_gestation","28030000","Twin birth (finding)","2020",2150,0.119212642084835,"28030000 - Twin birth (finding)",NA
"518","multiple_gestation","28030000","Twin birth (finding)","2021",2360,0.123012770393537,"28030000 - Twin birth (finding)",NA
"519","multiple_gestation","28030000","Twin birth (finding)","2022",2650,0.128797083839611,"28030000 - Twin birth (finding)",NA
"520","multiple_gestation","28030000","Twin birth (finding)","2023",2770,0.132885584072919,"28030000 - Twin birth (finding)","28030000 - Twin birth (finding)"
"521","multiple_gestation","45384004","Multiple birth (finding)","2011",220,0.0134927936215885,"45384004 - Multiple birth (finding)",NA
"522","multiple_gestation","45384004","Multiple birth (finding)","2012",320,0.0190930787589499,"45384004 - Multiple birth (finding)",NA
"523","multiple_gestation","45384004","Multiple birth (finding)","2013",320,0.0169133192389006,"45384004 - Multiple birth (finding)",NA
"524","multiple_gestation","45384004","Multiple birth (finding)","2014",380,0.0195071868583162,"45384004 - Multiple birth (finding)",NA
"525","multiple_gestation","45384004","Multiple birth (finding)","2015",400,0.0200100050025013,"45384004 - Multiple birth (finding)",NA
"526","multiple_gestation","45384004","Multiple birth (finding)","2016",390,0.0173526140155729,"45384004 - Multiple birth (finding)",NA
"527","multiple_gestation","45384004","Multiple birth (finding)","2017",390,0.0180513769960657,"45384004 - Multiple birth (finding)",NA
"528","multiple_gestation","45384004","Multiple birth (finding)","2018",390,0.0174457615745918,"45384004 - Multiple birth (finding)",NA
"529","multiple_gestation","45384004","Multiple birth (finding)","2019",380,0.0206577874422397,"45384004 - Multiple birth (finding)",NA
"530","multiple_gestation","45384004","Multiple birth (finding)","2020",350,0.0194067091766011,"45384004 - Multiple birth (finding)",NA
"531","multiple_gestation","45384004","Multiple birth (finding)","2021",420,0.0218921032056294,"45384004 - Multiple birth (finding)",NA
"532","multiple_gestation","45384004","Multiple birth (finding)","2022",390,0.018955042527339,"45384004 - Multiple birth (finding)",NA
"533","multiple_gestation","45384004","Multiple birth (finding)","2023",440,0.0211081794195251,"45384004 - Multiple birth (finding)","45384004 - Multiple birth (finding)"
"534","multiple_gestation","459166009","Dichorionic diamniotic twin pregnancy (disorder)","2019",5,0.000271812992661049,"459166009 - Dichorionic diamniotic twin pregnancy (disorder)",NA
"535","multiple_gestation","459166009","Dichorionic diamniotic twin pregnancy (disorder)","2020",10,0.000554477405045744,"459166009 - Dichorionic diamniotic twin pregnancy (disorder)",NA
"536","multiple_gestation","459166009","Dichorionic diamniotic twin pregnancy (disorder)","2021",130,0.00677612718269481,"459166009 - Dichorionic diamniotic twin pregnancy (disorder)",NA
"537","multiple_gestation","459166009","Dichorionic diamniotic twin pregnancy (disorder)","2022",160,0.00777642770352369,"459166009 - Dichorionic diamniotic twin pregnancy (disorder)",NA
"538","multiple_gestation","459166009","Dichorionic diamniotic twin pregnancy (finding)","2023",240,0.01151355241065,"459166009 - Dichorionic diamniotic twin pregnancy (finding)","459166009 - Dichorionic diamniotic twin pregnancy (finding)"
"539","multiple_gestation","64254006","Triplet pregnancy (disorder)","2011",200,0.0122661760196259,"64254006 - Triplet pregnancy (disorder)",NA
"540","multiple_gestation","64254006","Triplet pregnancy (disorder)","2012",190,0.0113365155131265,"64254006 - Triplet pregnancy (disorder)",NA
"541","multiple_gestation","64254006","Triplet pregnancy (disorder)","2013",230,0.0121564482029598,"64254006 - Triplet pregnancy (disorder)",NA
"542","multiple_gestation","64254006","Triplet pregnancy (disorder)","2014",190,0.00975359342915811,"64254006 - Triplet pregnancy (disorder)",NA
"543","multiple_gestation","64254006","Triplet pregnancy (disorder)","2015",180,0.00900450225112556,"64254006 - Triplet pregnancy (disorder)",NA
"544","multiple_gestation","64254006","Triplet pregnancy (disorder)","2016",210,0.00934371523915462,"64254006 - Triplet pregnancy (disorder)",NA
"545","multiple_gestation","64254006","Triplet pregnancy (disorder)","2017",180,0.00833140476741495,"64254006 - Triplet pregnancy (disorder)",NA
"546","multiple_gestation","64254006","Triplet pregnancy (disorder)","2018",220,0.00984119883694923,"64254006 - Triplet pregnancy (disorder)",NA
"547","multiple_gestation","64254006","Triplet pregnancy (disorder)","2019",160,0.00869801576515357,"64254006 - Triplet pregnancy (disorder)",NA
"548","multiple_gestation","64254006","Triplet pregnancy (disorder)","2020",180,0.0099805932908234,"64254006 - Triplet pregnancy (disorder)",NA
"549","multiple_gestation","64254006","Triplet pregnancy (disorder)","2021",150,0.00781860828772478,"64254006 - Triplet pregnancy (disorder)",NA
"550","multiple_gestation","64254006","Triplet pregnancy (disorder)","2022",210,0.0102065613608748,"64254006 - Triplet pregnancy (disorder)",NA
"551","multiple_gestation","64254006","Triplet pregnancy (finding)","2023",180,0.00863516430798753,"64254006 - Triplet pregnancy (finding)","64254006 - Triplet pregnancy (finding)"
"552","multiple_gestation","65147003","Twin pregnancy (disorder)","2011",4780,0.293161606869059,"65147003 - Twin pregnancy (disorder)",NA
"553","multiple_gestation","65147003","Twin pregnancy (disorder)","2012",5060,0.301909307875895,"65147003 - Twin pregnancy (disorder)",NA
"554","multiple_gestation","65147003","Twin pregnancy (disorder)","2013",5580,0.29492600422833,"65147003 - Twin pregnancy (disorder)",NA
"555","multiple_gestation","65147003","Twin pregnancy (disorder)","2014",5880,0.301848049281314,"65147003 - Twin pregnancy (disorder)",NA
"556","multiple_gestation","65147003","Twin pregnancy (disorder)","2015",6170,0.308654327163582,"65147003 - Twin pregnancy (disorder)",NA
"557","multiple_gestation","65147003","Twin pregnancy (disorder)","2016",6980,0.310567296996663,"65147003 - Twin pregnancy (disorder)",NA
"558","multiple_gestation","65147003","Twin pregnancy (disorder)","2017",6800,0.31474195788012,"65147003 - Twin pregnancy (disorder)",NA
"559","multiple_gestation","65147003","Twin pregnancy (disorder)","2018",6740,0.301498546186535,"65147003 - Twin pregnancy (disorder)",NA
"560","multiple_gestation","65147003","Twin pregnancy (disorder)","2019",5900,0.320739331340038,"65147003 - Twin pregnancy (disorder)",NA
"561","multiple_gestation","65147003","Twin pregnancy (disorder)","2020",5960,0.330468533407264,"65147003 - Twin pregnancy (disorder)",NA
"562","multiple_gestation","65147003","Twin pregnancy (disorder)","2021",5960,0.310659369298931,"65147003 - Twin pregnancy (disorder)",NA
"563","multiple_gestation","65147003","Twin pregnancy (disorder)","2022",6020,0.292588092345079,"65147003 - Twin pregnancy (disorder)",NA
"564","multiple_gestation","65147003","Twin pregnancy (finding)","2023",6090,0.292156392420245,"65147003 - Twin pregnancy (finding)","65147003 - Twin pregnancy (finding)"
"565","preeclampsia","15938005","Eclampsia (disorder)","2011",250,0.033003300330033,"15938005 - Eclampsia (disorder)",NA
"566","preeclampsia","15938005","Eclampsia (disorder)","2012",170,0.020469596628537,"15938005 - Eclampsia (disorder)",NA
"567","preeclampsia","15938005","Eclampsia (disorder)","2013",210,0.0239179954441913,"15938005 - Eclampsia (disorder)",NA
"568","preeclampsia","15938005","Eclampsia (disorder)","2014",190,0.0204301075268817,"15938005 - Eclampsia (disorder)",NA
"569","preeclampsia","15938005","Eclampsia (disorder)","2015",250,0.0252908447142135,"15938005 - Eclampsia (disorder)",NA
"570","preeclampsia","15938005","Eclampsia (disorder)","2016",270,0.0242696629213483,"15938005 - Eclampsia (disorder)",NA
"571","preeclampsia","15938005","Eclampsia (disorder)","2017",280,0.0244221543829045,"15938005 - Eclampsia (disorder)",NA
"572","preeclampsia","15938005","Eclampsia (disorder)","2018",290,0.0252723311546841,"15938005 - Eclampsia (disorder)",NA
"573","preeclampsia","15938005","Eclampsia (disorder)","2019",280,0.0249110320284698,"15938005 - Eclampsia (disorder)",NA
"574","preeclampsia","15938005","Eclampsia (disorder)","2020",280,0.0220559275305238,"15938005 - Eclampsia (disorder)",NA
"575","preeclampsia","15938005","Eclampsia (disorder)","2021",300,0.0224466891133558,"15938005 - Eclampsia (disorder)",NA
"576","preeclampsia","15938005","Eclampsia (disorder)","2022",330,0.0241935483870968,"15938005 - Eclampsia (disorder)",NA
"577","preeclampsia","15938005","Eclampsia (disorder)","2023",290,0.0203508771929825,"15938005 - Eclampsia (disorder)","15938005 - Eclampsia (disorder)"
"578","preeclampsia","198983002","Severe pre-eclampsia - delivered (disorder)","2011",240,0.0316831683168317,"198983002 - Severe pre-eclampsia - delivered (disorder)",NA
"579","preeclampsia","198983002","Severe pre-eclampsia - delivered (disorder)","2012",230,0.0276941601444913,"198983002 - Severe pre-eclampsia - delivered (disorder)",NA
"580","preeclampsia","198983002","Severe pre-eclampsia - delivered (disorder)","2013",180,0.020501138952164,"198983002 - Severe pre-eclampsia - delivered (disorder)",NA
"581","preeclampsia","198983002","Severe pre-eclampsia - delivered (disorder)","2014",150,0.0161290322580645,"198983002 - Severe pre-eclampsia - delivered (disorder)",NA
"582","preeclampsia","198983002","Severe pre-eclampsia - delivered (disorder)","2015",180,0.0182094081942337,"198983002 - Severe pre-eclampsia - delivered (disorder)",NA
"583","preeclampsia","198983002","Severe pre-eclampsia - delivered (disorder)","2016",240,0.0215730337078652,"198983002 - Severe pre-eclampsia - delivered (disorder)",NA
"584","preeclampsia","198983002","Severe pre-eclampsia - delivered (disorder)","2017",200,0.0174443959877889,"198983002 - Severe pre-eclampsia - delivered (disorder)",NA
"585","preeclampsia","198983002","Severe pre-eclampsia - delivered (disorder)","2018",190,0.016557734204793,"198983002 - Severe pre-eclampsia - delivered (disorder)",NA
"586","preeclampsia","198983002","Severe pre-eclampsia - delivered (disorder)","2019",160,0.0142348754448399,"198983002 - Severe pre-eclampsia - delivered (disorder)",NA
"587","preeclampsia","198983002","Severe pre-eclampsia - delivered (disorder)","2020",180,0.0141788105553367,"198983002 - Severe pre-eclampsia - delivered (disorder)",NA
"588","preeclampsia","198983002","Severe pre-eclampsia - delivered (disorder)","2021",160,0.0119715675271231,"198983002 - Severe pre-eclampsia - delivered (disorder)",NA
"589","preeclampsia","198983002","Severe pre-eclampsia - delivered (disorder)","2022",170,0.0124633431085044,"198983002 - Severe pre-eclampsia - delivered (disorder)",NA
"590","preeclampsia","198983002","Severe pre-eclampsia - delivered (disorder)","2023",120,0.00842105263157895,"198983002 - Severe pre-eclampsia - delivered (disorder)","198983002 - Severe pre-eclampsia - delivered (disorder)"
"591","preeclampsia","198990007","Eclampsia - delivered (disorder)","2011",70,0.00924092409240924,"198990007 - Eclampsia - delivered (disorder)",NA
"592","preeclampsia","198990007","Eclampsia - delivered (disorder)","2012",50,0.00602046959662854,"198990007 - Eclampsia - delivered (disorder)",NA
"593","preeclampsia","198990007","Eclampsia - delivered (disorder)","2013",60,0.00683371298405467,"198990007 - Eclampsia - delivered (disorder)",NA
"594","preeclampsia","198990007","Eclampsia - delivered (disorder)","2014",80,0.00860215053763441,"198990007 - Eclampsia - delivered (disorder)",NA
"595","preeclampsia","198990007","Eclampsia - delivered (disorder)","2015",70,0.00708143651997977,"198990007 - Eclampsia - delivered (disorder)",NA
"596","preeclampsia","198990007","Eclampsia - delivered (disorder)","2016",60,0.00539325842696629,"198990007 - Eclampsia - delivered (disorder)",NA
"597","preeclampsia","198990007","Eclampsia - delivered (disorder)","2017",90,0.00784997819450502,"198990007 - Eclampsia - delivered (disorder)",NA
"598","preeclampsia","198990007","Eclampsia - delivered (disorder)","2018",60,0.00522875816993464,"198990007 - Eclampsia - delivered (disorder)",NA
"599","preeclampsia","198990007","Eclampsia - delivered (disorder)","2019",60,0.00533807829181495,"198990007 - Eclampsia - delivered (disorder)",NA
"600","preeclampsia","198990007","Eclampsia - delivered (disorder)","2020",50,0.00393855848759354,"198990007 - Eclampsia - delivered (disorder)",NA
"601","preeclampsia","198990007","Eclampsia - delivered (disorder)","2021",50,0.00374111485222596,"198990007 - Eclampsia - delivered (disorder)",NA
"602","preeclampsia","198990007","Eclampsia - delivered (disorder)","2022",50,0.00366568914956012,"198990007 - Eclampsia - delivered (disorder)",NA
"603","preeclampsia","198990007","Eclampsia - delivered (disorder)","2023",60,0.00421052631578947,"198990007 - Eclampsia - delivered (disorder)","198990007 - Eclampsia - delivered (disorder)"
"604","preeclampsia","198992004","Eclampsia in pregnancy (disorder)","2011",940,0.124092409240924,"198992004 - Eclampsia in pregnancy (disorder)",NA
"605","preeclampsia","198992004","Eclampsia in pregnancy (disorder)","2012",890,0.107164358819988,"198992004 - Eclampsia in pregnancy (disorder)",NA
"606","preeclampsia","198992004","Eclampsia in pregnancy (disorder)","2013",1110,0.126423690205011,"198992004 - Eclampsia in pregnancy (disorder)",NA
"607","preeclampsia","198992004","Eclampsia in pregnancy (disorder)","2014",1450,0.155913978494624,"198992004 - Eclampsia in pregnancy (disorder)",NA
"608","preeclampsia","198992004","Eclampsia in pregnancy (disorder)","2015",1540,0.155791603439555,"198992004 - Eclampsia in pregnancy (disorder)",NA
"609","preeclampsia","198992004","Eclampsia in pregnancy (disorder)","2016",1600,0.143820224719101,"198992004 - Eclampsia in pregnancy (disorder)",NA
"610","preeclampsia","198992004","Eclampsia in pregnancy (disorder)","2017",1720,0.150021805494985,"198992004 - Eclampsia in pregnancy (disorder)",NA
"611","preeclampsia","198992004","Eclampsia in pregnancy (disorder)","2018",1600,0.139433551198257,"198992004 - Eclampsia in pregnancy (disorder)",NA
"612","preeclampsia","198992004","Eclampsia in pregnancy (disorder)","2019",1290,0.114768683274021,"198992004 - Eclampsia in pregnancy (disorder)",NA
"613","preeclampsia","198992004","Eclampsia in pregnancy (disorder)","2020",1190,0.0937376920047263,"198992004 - Eclampsia in pregnancy (disorder)",NA
"614","preeclampsia","198992004","Eclampsia in pregnancy (disorder)","2021",1190,0.0890385334829779,"198992004 - Eclampsia in pregnancy (disorder)",NA
"615","preeclampsia","198992004","Eclampsia in pregnancy (disorder)","2022",1320,0.0967741935483871,"198992004 - Eclampsia in pregnancy (disorder)",NA
"616","preeclampsia","198992004","Eclampsia in pregnancy (disorder)","2023",1330,0.0933333333333333,"198992004 - Eclampsia in pregnancy (disorder)","198992004 - Eclampsia in pregnancy (disorder)"
"617","preeclampsia","198997005","Pre-eclampsia or eclampsia with pre-existing hypertension (disorder)","2011",260,0.0343234323432343,"198997005 - Pre-eclampsia or eclampsia with pre-existing hypertension (disorder)",NA
"618","preeclampsia","198997005","Pre-eclampsia or eclampsia with pre-existing hypertension (disorder)","2012",260,0.0313064419024684,"198997005 - Pre-eclampsia or eclampsia with pre-existing hypertension (disorder)",NA
"619","preeclampsia","198997005","Pre-eclampsia or eclampsia with pre-existing hypertension (disorder)","2013",290,0.0330296127562642,"198997005 - Pre-eclampsia or eclampsia with pre-existing hypertension (disorder)",NA
"620","preeclampsia","198997005","Pre-eclampsia or eclampsia with pre-existing hypertension (disorder)","2014",300,0.032258064516129,"198997005 - Pre-eclampsia or eclampsia with pre-existing hypertension (disorder)",NA
"621","preeclampsia","198997005","Pre-eclampsia or eclampsia with pre-existing hypertension (disorder)","2015",340,0.0343955488113303,"198997005 - Pre-eclampsia or eclampsia with pre-existing hypertension (disorder)",NA
"622","preeclampsia","198997005","Pre-eclampsia or eclampsia with pre-existing hypertension (disorder)","2016",420,0.037752808988764,"198997005 - Pre-eclampsia or eclampsia with pre-existing hypertension (disorder)",NA
"623","preeclampsia","198997005","Pre-eclampsia or eclampsia with pre-existing hypertension (disorder)","2017",370,0.0322721325774095,"198997005 - Pre-eclampsia or eclampsia with pre-existing hypertension (disorder)",NA
"624","preeclampsia","198997005","Pre-eclampsia or eclampsia with pre-existing hypertension (disorder)","2018",360,0.0313725490196078,"198997005 - Pre-eclampsia or eclampsia with pre-existing hypertension (disorder)",NA
"625","preeclampsia","198997005","Pre-eclampsia or eclampsia with pre-existing hypertension (disorder)","2019",270,0.0240213523131673,"198997005 - Pre-eclampsia or eclampsia with pre-existing hypertension (disorder)",NA
"626","preeclampsia","198997005","Pre-eclampsia or eclampsia with pre-existing hypertension (disorder)","2020",260,0.0204805041354864,"198997005 - Pre-eclampsia or eclampsia with pre-existing hypertension (disorder)",NA
"627","preeclampsia","198997005","Pre-eclampsia or eclampsia with pre-existing hypertension (disorder)","2021",270,0.0202020202020202,"198997005 - Pre-eclampsia or eclampsia with pre-existing hypertension (disorder)",NA
"628","preeclampsia","198997005","Pre-eclampsia or eclampsia with pre-existing hypertension (disorder)","2022",280,0.0205278592375367,"198997005 - Pre-eclampsia or eclampsia with pre-existing hypertension (disorder)",NA
"629","preeclampsia","198997005","Pre-eclampsia or eclampsia with pre-existing hypertension (disorder)","2023",190,0.0133333333333333,"198997005 - Pre-eclampsia or eclampsia with pre-existing hypertension (disorder)","198997005 - Pre-eclampsia or eclampsia with pre-existing hypertension (disorder)"
"630","preeclampsia","198999008","Pre-eclampsia or eclampsia with pre-existing hypertension - delivered (disorder)","2011",250,0.033003300330033,"198999008 - Pre-eclampsia or eclampsia with pre-existing hypertension - delivered (disorder)",NA
"631","preeclampsia","198999008","Pre-eclampsia or eclampsia with pre-existing hypertension - delivered (disorder)","2012",320,0.0385310054184226,"198999008 - Pre-eclampsia or eclampsia with pre-existing hypertension - delivered (disorder)",NA
"632","preeclampsia","198999008","Pre-eclampsia or eclampsia with pre-existing hypertension - delivered (disorder)","2013",380,0.0432801822323462,"198999008 - Pre-eclampsia or eclampsia with pre-existing hypertension - delivered (disorder)",NA
"633","preeclampsia","198999008","Pre-eclampsia or eclampsia with pre-existing hypertension - delivered (disorder)","2014",560,0.0602150537634409,"198999008 - Pre-eclampsia or eclampsia with pre-existing hypertension - delivered (disorder)",NA
"634","preeclampsia","198999008","Pre-eclampsia or eclampsia with pre-existing hypertension - delivered (disorder)","2015",550,0.0556398583712696,"198999008 - Pre-eclampsia or eclampsia with pre-existing hypertension - delivered (disorder)",NA
"635","preeclampsia","198999008","Pre-eclampsia or eclampsia with pre-existing hypertension - delivered (disorder)","2016",580,0.0521348314606742,"198999008 - Pre-eclampsia or eclampsia with pre-existing hypertension - delivered (disorder)",NA
"636","preeclampsia","198999008","Pre-eclampsia or eclampsia with pre-existing hypertension - delivered (disorder)","2017",630,0.0549498473615351,"198999008 - Pre-eclampsia or eclampsia with pre-existing hypertension - delivered (disorder)",NA
"637","preeclampsia","198999008","Pre-eclampsia or eclampsia with pre-existing hypertension - delivered (disorder)","2018",670,0.0583877995642702,"198999008 - Pre-eclampsia or eclampsia with pre-existing hypertension - delivered (disorder)",NA
"638","preeclampsia","198999008","Pre-eclampsia or eclampsia with pre-existing hypertension - delivered (disorder)","2019",440,0.0391459074733096,"198999008 - Pre-eclampsia or eclampsia with pre-existing hypertension - delivered (disorder)",NA
"639","preeclampsia","198999008","Pre-eclampsia or eclampsia with pre-existing hypertension - delivered (disorder)","2020",380,0.0299330445057109,"198999008 - Pre-eclampsia or eclampsia with pre-existing hypertension - delivered (disorder)",NA
"640","preeclampsia","198999008","Pre-eclampsia or eclampsia with pre-existing hypertension - delivered (disorder)","2021",360,0.0269360269360269,"198999008 - Pre-eclampsia or eclampsia with pre-existing hypertension - delivered (disorder)",NA
"641","preeclampsia","198999008","Pre-eclampsia or eclampsia with pre-existing hypertension - delivered (disorder)","2022",410,0.030058651026393,"198999008 - Pre-eclampsia or eclampsia with pre-existing hypertension - delivered (disorder)",NA
"642","preeclampsia","198999008","Pre-eclampsia or eclampsia with pre-existing hypertension - delivered (disorder)","2023",370,0.0259649122807018,"198999008 - Pre-eclampsia or eclampsia with pre-existing hypertension - delivered (disorder)","198999008 - Pre-eclampsia or eclampsia with pre-existing hypertension - delivered (disorder)"
"643","preeclampsia","199000005","Pre-eclampsia or eclampsia with pre-existing hypertension - delivered with postnatal complication (disorder)","2011",10,0.00132013201320132,"199000005 - Pre-eclampsia or eclampsia with pre-existing hypertension - delivered with postnatal complication (disorder)",NA
"644","preeclampsia","199000005","Pre-eclampsia or eclampsia with pre-existing hypertension - delivered with postnatal complication (disorder)","2012",10,0.00120409391932571,"199000005 - Pre-eclampsia or eclampsia with pre-existing hypertension - delivered with postnatal complication (disorder)",NA
"645","preeclampsia","199000005","Pre-eclampsia or eclampsia with pre-existing hypertension - delivered with postnatal complication (disorder)","2013",40,0.00455580865603645,"199000005 - Pre-eclampsia or eclampsia with pre-existing hypertension - delivered with postnatal complication (disorder)",NA
"646","preeclampsia","199000005","Pre-eclampsia or eclampsia with pre-existing hypertension - delivered with postnatal complication (disorder)","2014",50,0.00537634408602151,"199000005 - Pre-eclampsia or eclampsia with pre-existing hypertension - delivered with postnatal complication (disorder)",NA
"647","preeclampsia","199000005","Pre-eclampsia or eclampsia with pre-existing hypertension - delivered with postnatal complication (disorder)","2015",80,0.00809307030854831,"199000005 - Pre-eclampsia or eclampsia with pre-existing hypertension - delivered with postnatal complication (disorder)",NA
"648","preeclampsia","199000005","Pre-eclampsia or eclampsia with pre-existing hypertension - delivered with postnatal complication (disorder)","2016",70,0.00629213483146067,"199000005 - Pre-eclampsia or eclampsia with pre-existing hypertension - delivered with postnatal complication (disorder)",NA
"649","preeclampsia","199000005","Pre-eclampsia or eclampsia with pre-existing hypertension - delivered with postnatal complication (disorder)","2017",80,0.00697775839511557,"199000005 - Pre-eclampsia or eclampsia with pre-existing hypertension - delivered with postnatal complication (disorder)",NA
"650","preeclampsia","199000005","Pre-eclampsia or eclampsia with pre-existing hypertension - delivered with postnatal complication (disorder)","2018",80,0.00697167755991285,"199000005 - Pre-eclampsia or eclampsia with pre-existing hypertension - delivered with postnatal complication (disorder)",NA
"651","preeclampsia","199000005","Pre-eclampsia or eclampsia with pre-existing hypertension - delivered with postnatal complication (disorder)","2019",30,0.00266903914590747,"199000005 - Pre-eclampsia or eclampsia with pre-existing hypertension - delivered with postnatal complication (disorder)",NA
"652","preeclampsia","199000005","Pre-eclampsia or eclampsia with pre-existing hypertension - delivered with postnatal complication (disorder)","2020",40,0.00315084679007483,"199000005 - Pre-eclampsia or eclampsia with pre-existing hypertension - delivered with postnatal complication (disorder)",NA
"653","preeclampsia","199000005","Pre-eclampsia or eclampsia with pre-existing hypertension - delivered with postnatal complication (disorder)","2021",20,0.00149644594089039,"199000005 - Pre-eclampsia or eclampsia with pre-existing hypertension - delivered with postnatal complication (disorder)",NA
"654","preeclampsia","199000005","Pre-eclampsia or eclampsia with pre-existing hypertension - delivered with postnatal complication (disorder)","2022",20,0.00146627565982405,"199000005 - Pre-eclampsia or eclampsia with pre-existing hypertension - delivered with postnatal complication (disorder)",NA
"655","preeclampsia","199000005","Pre-eclampsia or eclampsia with pre-existing hypertension - delivered with postnatal complication (disorder)","2023",20,0.00140350877192982,"199000005 - Pre-eclampsia or eclampsia with pre-existing hypertension - delivered with postnatal complication (disorder)","199000005 - Pre-eclampsia or eclampsia with pre-existing hypertension - delivered with postnatal complication (disorder)"
"656","preeclampsia","199002002","Pre-eclampsia or eclampsia with pre-existing hypertension - not delivered (disorder)","2011",10,0.00132013201320132,"199002002 - Pre-eclampsia or eclampsia with pre-existing hypertension - not delivered (disorder)",NA
"657","preeclampsia","199002002","Pre-eclampsia or eclampsia with pre-existing hypertension - not delivered (disorder)","2012",20,0.00240818783865141,"199002002 - Pre-eclampsia or eclampsia with pre-existing hypertension - not delivered (disorder)",NA
"658","preeclampsia","199002002","Pre-eclampsia or eclampsia with pre-existing hypertension - not delivered (disorder)","2013",30,0.00341685649202733,"199002002 - Pre-eclampsia or eclampsia with pre-existing hypertension - not delivered (disorder)",NA
"659","preeclampsia","199002002","Pre-eclampsia or eclampsia with pre-existing hypertension - not delivered (disorder)","2014",50,0.00537634408602151,"199002002 - Pre-eclampsia or eclampsia with pre-existing hypertension - not delivered (disorder)",NA
"660","preeclampsia","199002002","Pre-eclampsia or eclampsia with pre-existing hypertension - not delivered (disorder)","2015",50,0.00505816894284269,"199002002 - Pre-eclampsia or eclampsia with pre-existing hypertension - not delivered (disorder)",NA
"661","preeclampsia","199002002","Pre-eclampsia or eclampsia with pre-existing hypertension - not delivered (disorder)","2016",60,0.00539325842696629,"199002002 - Pre-eclampsia or eclampsia with pre-existing hypertension - not delivered (disorder)",NA
"662","preeclampsia","199002002","Pre-eclampsia or eclampsia with pre-existing hypertension - not delivered (disorder)","2017",40,0.00348887919755778,"199002002 - Pre-eclampsia or eclampsia with pre-existing hypertension - not delivered (disorder)",NA
"663","preeclampsia","199002002","Pre-eclampsia or eclampsia with pre-existing hypertension - not delivered (disorder)","2018",70,0.00610021786492375,"199002002 - Pre-eclampsia or eclampsia with pre-existing hypertension - not delivered (disorder)",NA
"664","preeclampsia","199002002","Pre-eclampsia or eclampsia with pre-existing hypertension - not delivered (disorder)","2019",40,0.00355871886120996,"199002002 - Pre-eclampsia or eclampsia with pre-existing hypertension - not delivered (disorder)",NA
"665","preeclampsia","199002002","Pre-eclampsia or eclampsia with pre-existing hypertension - not delivered (disorder)","2020",30,0.00236313509255612,"199002002 - Pre-eclampsia or eclampsia with pre-existing hypertension - not delivered (disorder)",NA
"666","preeclampsia","199002002","Pre-eclampsia or eclampsia with pre-existing hypertension - not delivered (disorder)","2021",30,0.00224466891133558,"199002002 - Pre-eclampsia or eclampsia with pre-existing hypertension - not delivered (disorder)",NA
"667","preeclampsia","199002002","Pre-eclampsia or eclampsia with pre-existing hypertension - not delivered (disorder)","2022",40,0.00293255131964809,"199002002 - Pre-eclampsia or eclampsia with pre-existing hypertension - not delivered (disorder)",NA
"668","preeclampsia","199002002","Pre-eclampsia or eclampsia with pre-existing hypertension - not delivered (disorder)","2023",70,0.00491228070175439,"199002002 - Pre-eclampsia or eclampsia with pre-existing hypertension - not delivered (disorder)","199002002 - Pre-eclampsia or eclampsia with pre-existing hypertension - not delivered (disorder)"
"669","preeclampsia","199003007","Pre-eclampsia or eclampsia with pre-existing hypertension with postnatal complication (disorder)","2011",30,0.00396039603960396,"199003007 - Pre-eclampsia or eclampsia with pre-existing hypertension with postnatal complication (disorder)",NA
"670","preeclampsia","199003007","Pre-eclampsia or eclampsia with pre-existing hypertension with postnatal complication (disorder)","2012",70,0.00842865743527995,"199003007 - Pre-eclampsia or eclampsia with pre-existing hypertension with postnatal complication (disorder)",NA
"671","preeclampsia","199003007","Pre-eclampsia or eclampsia with pre-existing hypertension with postnatal complication (disorder)","2013",40,0.00455580865603645,"199003007 - Pre-eclampsia or eclampsia with pre-existing hypertension with postnatal complication (disorder)",NA
"672","preeclampsia","199003007","Pre-eclampsia or eclampsia with pre-existing hypertension with postnatal complication (disorder)","2014",30,0.0032258064516129,"199003007 - Pre-eclampsia or eclampsia with pre-existing hypertension with postnatal complication (disorder)",NA
"673","preeclampsia","199003007","Pre-eclampsia or eclampsia with pre-existing hypertension with postnatal complication (disorder)","2015",40,0.00404653515427415,"199003007 - Pre-eclampsia or eclampsia with pre-existing hypertension with postnatal complication (disorder)",NA
"674","preeclampsia","199003007","Pre-eclampsia or eclampsia with pre-existing hypertension with postnatal complication (disorder)","2016",40,0.00359550561797753,"199003007 - Pre-eclampsia or eclampsia with pre-existing hypertension with postnatal complication (disorder)",NA
"675","preeclampsia","199003007","Pre-eclampsia or eclampsia with pre-existing hypertension with postnatal complication (disorder)","2017",30,0.00261665939816834,"199003007 - Pre-eclampsia or eclampsia with pre-existing hypertension with postnatal complication (disorder)",NA
"676","preeclampsia","199003007","Pre-eclampsia or eclampsia with pre-existing hypertension with postnatal complication (disorder)","2018",40,0.00348583877995643,"199003007 - Pre-eclampsia or eclampsia with pre-existing hypertension with postnatal complication (disorder)",NA
"677","preeclampsia","199003007","Pre-eclampsia or eclampsia with pre-existing hypertension with postnatal complication (disorder)","2019",10,0.000889679715302491,"199003007 - Pre-eclampsia or eclampsia with pre-existing hypertension with postnatal complication (disorder)",NA
"678","preeclampsia","199003007","Pre-eclampsia or eclampsia with pre-existing hypertension with postnatal complication (disorder)","2020",10,0.000787711697518708,"199003007 - Pre-eclampsia or eclampsia with pre-existing hypertension with postnatal complication (disorder)",NA
"679","preeclampsia","199003007","Pre-eclampsia or eclampsia with pre-existing hypertension with postnatal complication (disorder)","2021",30,0.00224466891133558,"199003007 - Pre-eclampsia or eclampsia with pre-existing hypertension with postnatal complication (disorder)",NA
"680","preeclampsia","199003007","Pre-eclampsia or eclampsia with pre-existing hypertension with postnatal complication (disorder)","2022",20,0.00146627565982405,"199003007 - Pre-eclampsia or eclampsia with pre-existing hypertension with postnatal complication (disorder)",NA
"681","preeclampsia","199003007","Pre-eclampsia or eclampsia with pre-existing hypertension with postnatal complication (disorder)","2023",30,0.00210526315789474,"199003007 - Pre-eclampsia or eclampsia with pre-existing hypertension with postnatal complication (disorder)","199003007 - Pre-eclampsia or eclampsia with pre-existing hypertension with postnatal complication (disorder)"
"682","preeclampsia","398254007","Pre-eclampsia (disorder)","2011",4150,0.547854785478548,"398254007 - Pre-eclampsia (disorder)",NA
"683","preeclampsia","398254007","Pre-eclampsia (disorder)","2012",5070,0.610475617098134,"398254007 - Pre-eclampsia (disorder)",NA
"684","preeclampsia","398254007","Pre-eclampsia (disorder)","2013",5420,0.617312072892939,"398254007 - Pre-eclampsia (disorder)",NA
"685","preeclampsia","398254007","Pre-eclampsia (disorder)","2014",5510,0.59247311827957,"398254007 - Pre-eclampsia (disorder)",NA
"686","preeclampsia","398254007","Pre-eclampsia (disorder)","2015",5850,0.591805766312595,"398254007 - Pre-eclampsia (disorder)",NA
"687","preeclampsia","398254007","Pre-eclampsia (disorder)","2016",6770,0.608539325842697,"398254007 - Pre-eclampsia (disorder)",NA
"688","preeclampsia","398254007","Pre-eclampsia (disorder)","2017",7020,0.612298299171391,"398254007 - Pre-eclampsia (disorder)",NA
"689","preeclampsia","398254007","Pre-eclampsia (disorder)","2018",7040,0.613507625272331,"398254007 - Pre-eclampsia (disorder)",NA
"690","preeclampsia","398254007","Pre-eclampsia (disorder)","2019",7510,0.668149466192171,"398254007 - Pre-eclampsia (disorder)",NA
"691","preeclampsia","398254007","Pre-eclampsia (disorder)","2020",9150,0.720756203229618,"398254007 - Pre-eclampsia (disorder)",NA
"692","preeclampsia","398254007","Pre-eclampsia (disorder)","2021",9710,0.726524504302282,"398254007 - Pre-eclampsia (disorder)",NA
"693","preeclampsia","398254007","Pre-eclampsia (disorder)","2022",9770,0.716275659824047,"398254007 - Pre-eclampsia (disorder)",NA
"694","preeclampsia","398254007","Pre-eclampsia (disorder)","2023",10600,0.743859649122807,"398254007 - Pre-eclampsia (disorder)","398254007 - Pre-eclampsia (disorder)"
"695","preeclampsia","41114007","Mild pre-eclampsia (disorder)","2011",380,0.0501650165016502,"41114007 - Mild pre-eclampsia (disorder)",NA
"696","preeclampsia","41114007","Mild pre-eclampsia (disorder)","2012",320,0.0385310054184226,"41114007 - Mild pre-eclampsia (disorder)",NA
"697","preeclampsia","41114007","Mild pre-eclampsia (disorder)","2013",260,0.0296127562642369,"41114007 - Mild pre-eclampsia (disorder)",NA
"698","preeclampsia","41114007","Mild pre-eclampsia (disorder)","2014",240,0.0258064516129032,"41114007 - Mild pre-eclampsia (disorder)",NA
"699","preeclampsia","41114007","Mild pre-eclampsia (disorder)","2015",240,0.0242792109256449,"41114007 - Mild pre-eclampsia (disorder)",NA
"700","preeclampsia","41114007","Mild pre-eclampsia (disorder)","2016",300,0.0269662921348315,"41114007 - Mild pre-eclampsia (disorder)",NA
"701","preeclampsia","41114007","Mild pre-eclampsia (disorder)","2017",330,0.0287832533798517,"41114007 - Mild pre-eclampsia (disorder)",NA
"702","preeclampsia","41114007","Mild pre-eclampsia (disorder)","2018",380,0.0331154684095861,"41114007 - Mild pre-eclampsia (disorder)",NA
"703","preeclampsia","41114007","Mild pre-eclampsia (disorder)","2019",430,0.0382562277580071,"41114007 - Mild pre-eclampsia (disorder)",NA
"704","preeclampsia","41114007","Mild pre-eclampsia (disorder)","2020",370,0.0291453328081922,"41114007 - Mild pre-eclampsia (disorder)",NA
"705","preeclampsia","41114007","Mild pre-eclampsia (disorder)","2021",440,0.0329218106995885,"41114007 - Mild pre-eclampsia (disorder)",NA
"706","preeclampsia","41114007","Mild pre-eclampsia (disorder)","2022",420,0.030791788856305,"41114007 - Mild pre-eclampsia (disorder)",NA
"707","preeclampsia","41114007","Mild pre-eclampsia (disorder)","2023",370,0.0259649122807018,"41114007 - Mild pre-eclampsia (disorder)","41114007 - Mild pre-eclampsia (disorder)"
"708","preeclampsia","46764007","Severe pre-eclampsia (disorder)","2011",900,0.118811881188119,"46764007 - Severe pre-eclampsia (disorder)",NA
"709","preeclampsia","46764007","Severe pre-eclampsia (disorder)","2012",820,0.098735701384708,"46764007 - Severe pre-eclampsia (disorder)",NA
"710","preeclampsia","46764007","Severe pre-eclampsia (disorder)","2013",670,0.0763097949886105,"46764007 - Severe pre-eclampsia (disorder)",NA
"711","preeclampsia","46764007","Severe pre-eclampsia (disorder)","2014",590,0.0634408602150538,"46764007 - Severe pre-eclampsia (disorder)",NA
"712","preeclampsia","46764007","Severe pre-eclampsia (disorder)","2015",590,0.0596863935255438,"46764007 - Severe pre-eclampsia (disorder)",NA
"713","preeclampsia","46764007","Severe pre-eclampsia (disorder)","2016",590,0.0530337078651685,"46764007 - Severe pre-eclampsia (disorder)",NA
"714","preeclampsia","46764007","Severe pre-eclampsia (disorder)","2017",580,0.0505887483645879,"46764007 - Severe pre-eclampsia (disorder)",NA
"715","preeclampsia","46764007","Severe pre-eclampsia (disorder)","2018",610,0.0531590413943355,"46764007 - Severe pre-eclampsia (disorder)",NA
"716","preeclampsia","46764007","Severe pre-eclampsia (disorder)","2019",640,0.0569395017793594,"46764007 - Severe pre-eclampsia (disorder)",NA
"717","preeclampsia","46764007","Severe pre-eclampsia (disorder)","2020",670,0.0527766837337534,"46764007 - Severe pre-eclampsia (disorder)",NA
"718","preeclampsia","46764007","Severe pre-eclampsia (disorder)","2021",710,0.0531238309016087,"46764007 - Severe pre-eclampsia (disorder)",NA
"719","preeclampsia","46764007","Severe pre-eclampsia (disorder)","2022",700,0.0513196480938416,"46764007 - Severe pre-eclampsia (disorder)",NA
"720","preeclampsia","46764007","Severe pre-eclampsia (disorder)","2023",690,0.0484210526315789,"46764007 - Severe pre-eclampsia (disorder)","46764007 - Severe pre-eclampsia (disorder)"
"721","pregnancy","11687002","Gestational diabetes mellitus (disorder)","2011",31030,0.00604277262583105,"11687002 - Gestational diabetes mellitus (disorder)",NA
"722","pregnancy","11687002","Gestational diabetes mellitus (disorder)","2012",36040,0.0069888438350214,"11687002 - Gestational diabetes mellitus (disorder)",NA
"723","pregnancy","11687002","Gestational diabetes mellitus (disorder)","2013",39510,0.00749387601817421,"11687002 - Gestational diabetes mellitus (disorder)",NA
"724","pregnancy","11687002","Gestational diabetes mellitus (disorder)","2014",44850,0.00807146803536689,"11687002 - Gestational diabetes mellitus (disorder)",NA
"725","pregnancy","11687002","Gestational diabetes mellitus (disorder)","2015",52360,0.00865132801850551,"11687002 - Gestational diabetes mellitus (disorder)",NA
"726","pregnancy","11687002","Gestational diabetes mellitus (disorder)","2016",65930,0.00966254375660883,"11687002 - Gestational diabetes mellitus (disorder)",NA
"727","pregnancy","11687002","Gestational diabetes mellitus (disorder)","2017",73470,0.0106409557307564,"11687002 - Gestational diabetes mellitus (disorder)",NA
"728","pregnancy","11687002","Gestational diabetes mellitus (disorder)","2018",81020,0.0122194186500725,"11687002 - Gestational diabetes mellitus (disorder)",NA
"729","pregnancy","11687002","Gestational diabetes mellitus (disorder)","2019",84830,0.0144136337377239,"11687002 - Gestational diabetes mellitus (disorder)",NA
"730","pregnancy","11687002","Gestational diabetes mellitus (disorder)","2020",101010,0.0171247652995054,"11687002 - Gestational diabetes mellitus (disorder)",NA
"731","pregnancy","11687002","Gestational diabetes mellitus (disorder)","2021",114000,0.0191409571989728,"11687002 - Gestational diabetes mellitus (disorder)",NA
"732","pregnancy","11687002","Gestational diabetes mellitus (disorder)","2022",127080,0.0205754254165115,"11687002 - Gestational diabetes mellitus (disorder)",NA
"733","pregnancy","11687002","Gestational diabetes mellitus (disorder)","2023",145510,0.0233772221896445,"11687002 - Gestational diabetes mellitus (disorder)","11687002 - Gestational diabetes mellitus (disorder)"
"734","pregnancy","133906008","Postpartum care (regime/therapy)","2011",44870,0.0087379699555604,"133906008 - Postpartum care (regime/therapy)",NA
"735","pregnancy","133906008","Postpartum care (regime/therapy)","2012",50750,0.00984139358011476,"133906008 - Postpartum care (regime/therapy)",NA
"736","pregnancy","133906008","Postpartum care (regime/therapy)","2013",72710,0.0137909320496443,"133906008 - Postpartum care (regime/therapy)",NA
"737","pregnancy","133906008","Postpartum care (regime/therapy)","2014",93150,0.0167638182273005,"133906008 - Postpartum care (regime/therapy)",NA
"738","pregnancy","133906008","Postpartum care (regime/therapy)","2015",104420,0.017253087694659,"133906008 - Postpartum care (regime/therapy)",NA
"739","pregnancy","133906008","Postpartum care (regime/therapy)","2016",124080,0.0181848692449571,"133906008 - Postpartum care (regime/therapy)",NA
"740","pregnancy","133906008","Postpartum care (regime/therapy)","2017",134140,0.0194280359564948,"133906008 - Postpartum care (regime/therapy)",NA
"741","pregnancy","133906008","Postpartum care (regime/therapy)","2018",147390,0.0222293275096789,"133906008 - Postpartum care (regime/therapy)",NA
"742","pregnancy","133906008","Postpartum care (regime/therapy)","2019",123420,0.0209705372616984,"133906008 - Postpartum care (regime/therapy)",NA
"743","pregnancy","133906008","Postpartum care (regime/therapy)","2020",125480,0.0212732952161364,"133906008 - Postpartum care (regime/therapy)",NA
"744","pregnancy","133906008","Postpartum care (regime/therapy)","2021",139240,0.0233788322840787,"133906008 - Postpartum care (regime/therapy)",NA
"745","pregnancy","133906008","Postpartum care (regime/therapy)","2022",154900,0.0250797402975892,"133906008 - Postpartum care (regime/therapy)",NA
"746","pregnancy","133906008","Postpartum care (regime/therapy)","2023",127390,0.02046611459514,"133906008 - Postpartum care (regime/therapy)","133906008 - Postpartum care (regime/therapy)"
"747","pregnancy","163498004","On examination - gravid uterus size (finding)","2011",153890,0.0299684911179227,"163498004 - On examination - gravid uterus size (finding)",NA
"748","pregnancy","163498004","On examination - gravid uterus size (finding)","2012",126860,0.0246005751640071,"163498004 - On examination - gravid uterus size (finding)",NA
"749","pregnancy","163498004","On examination - gravid uterus size (finding)","2013",101470,0.0192458516720865,"163498004 - On examination - gravid uterus size (finding)",NA
"750","pregnancy","163498004","On examination - gravid uterus size (finding)","2014",87970,0.015831595163238,"163498004 - On examination - gravid uterus size (finding)",NA
"751","pregnancy","163498004","On examination - gravid uterus size (finding)","2015",72030,0.0119013589987195,"163498004 - On examination - gravid uterus size (finding)",NA
"752","pregnancy","163498004","On examination - gravid uterus size (finding)","2016",80580,0.0118096128607241,"163498004 - On examination - gravid uterus size (finding)",NA
"753","pregnancy","163498004","On examination - gravid uterus size (finding)","2017",83700,0.0121226077945327,"163498004 - On examination - gravid uterus size (finding)",NA
"754","pregnancy","163498004","On examination - gravid uterus size (finding)","2018",76570,0.0115482706249821,"163498004 - On examination - gravid uterus size (finding)",NA
"755","pregnancy","163498004","On examination - gravid uterus size (finding)","2019",60850,0.0103391443232406,"163498004 - On examination - gravid uterus size (finding)",NA
"756","pregnancy","163498004","On examination - gravid uterus size (finding)","2020",50570,0.00857340244724272,"163498004 - On examination - gravid uterus size (finding)",NA
"757","pregnancy","163498004","On examination - gravid uterus size (finding)","2021",47490,0.00797371980157208,"163498004 - On examination - gravid uterus size (finding)",NA
"758","pregnancy","163498004","On examination - gravid uterus size (finding)","2022",47910,0.00775707138578113,"163498004 - On examination - gravid uterus size (finding)",NA
"759","pregnancy","163498004","On examination - gravid uterus size (finding)","2023",45400,0.00729383470146286,"163498004 - On examination - gravid uterus size (finding)","163498004 - On examination - gravid uterus size (finding)"
"760","pregnancy","169826009","Single live birth (finding)","2011",117520,0.0228858085397249,"169826009 - Single live birth (finding)",NA
"761","pregnancy","169826009","Single live birth (finding)","2012",124810,0.024203041039096,"169826009 - Single live birth (finding)",NA
"762","pregnancy","169826009","Single live birth (finding)","2013",136150,0.0258236198398992,"169826009 - Single live birth (finding)",NA
"763","pregnancy","169826009","Single live birth (finding)","2014",147730,0.0265863539100279,"169826009 - Single live birth (finding)",NA
"764","pregnancy","169826009","Single live birth (finding)","2015",162530,0.0268544756082449,"169826009 - Single live birth (finding)",NA
"765","pregnancy","169826009","Single live birth (finding)","2016",188950,0.0276920619264559,"169826009 - Single live birth (finding)",NA
"766","pregnancy","169826009","Single live birth (finding)","2017",211570,0.0306425344216162,"169826009 - Single live birth (finding)",NA
"767","pregnancy","169826009","Single live birth (finding)","2018",219580,0.0331170074942349,"169826009 - Single live birth (finding)",NA
"768","pregnancy","169826009","Single live birth (finding)","2019",225320,0.0382845685934686,"169826009 - Single live birth (finding)",NA
"769","pregnancy","169826009","Single live birth (finding)","2020",234840,0.0398136806547455,"169826009 - Single live birth (finding)",NA
"770","pregnancy","169826009","Single live birth (finding)","2021",254020,0.0426507539270444,"169826009 - Single live birth (finding)",NA
"771","pregnancy","169826009","Single live birth (finding)","2022",273370,0.0442611272120849,"169826009 - Single live birth (finding)",NA
"772","pregnancy","169826009","Single live birth (finding)","2023",292350,0.0469681183914685,"169826009 - Single live birth (finding)","169826009 - Single live birth (finding)"
"773","pregnancy","17369002","Miscarriage (disorder)","2011",134090,0.0261126452271249,"17369002 - Miscarriage (disorder)",NA
"774","pregnancy","17369002","Miscarriage (disorder)","2012",133910,0.0259677047155304,"17369002 - Miscarriage (disorder)",NA
"775","pregnancy","17369002","Miscarriage (disorder)","2013",137490,0.0260777781255068,"17369002 - Miscarriage (disorder)",NA
"776","pregnancy","17369002","Miscarriage (disorder)","2014",145640,0.0262102252992382,"17369002 - Miscarriage (disorder)",NA
"777","pregnancy","17369002","Miscarriage (disorder)","2015",153370,0.0253409888884299,"17369002 - Miscarriage (disorder)",NA
"778","pregnancy","17369002","Miscarriage (disorder)","2016",174960,0.0256417208502394,"17369002 - Miscarriage (disorder)",NA
"779","pregnancy","17369002","Miscarriage (disorder)","2017",176490,0.0255617568656759,"17369002 - Miscarriage (disorder)",NA
"780","pregnancy","17369002","Miscarriage (disorder)","2018",176870,0.0266754946511765,"17369002 - Miscarriage (disorder)",NA
"781","pregnancy","17369002","Miscarriage (disorder)","2019",157060,0.0266863764569953,"17369002 - Miscarriage (disorder)",NA
"782","pregnancy","17369002","Miscarriage (disorder)","2020",163040,0.0276410428119132,"17369002 - Miscarriage (disorder)",NA
"783","pregnancy","17369002","Miscarriage (disorder)","2021",163520,0.0274555203611932,"17369002 - Miscarriage (disorder)",NA
"784","pregnancy","17369002","Miscarriage (disorder)","2022",172820,0.0279811537651992,"17369002 - Miscarriage (disorder)",NA
"785","pregnancy","17369002","Miscarriage (disorder)","2023",182580,0.0293327828148258,"17369002 - Miscarriage (disorder)","17369002 - Miscarriage (disorder)"
"786","pregnancy","177184002","Normal delivery procedure (procedure)","2011",231010,0.0449868161228885,"177184002 - Normal delivery procedure (procedure)",NA
"787","pregnancy","177184002","Normal delivery procedure (procedure)","2012",216690,0.0420203265985235,"177184002 - Normal delivery procedure (procedure)",NA
"788","pregnancy","177184002","Normal delivery procedure (procedure)","2013",215840,0.0409384510190514,"177184002 - Normal delivery procedure (procedure)",NA
"789","pregnancy","177184002","Normal delivery procedure (procedure)","2014",225200,0.0405283077271934,"177184002 - Normal delivery procedure (procedure)",NA
"790","pregnancy","177184002","Normal delivery procedure (procedure)","2015",229230,0.0378751703911768,"177184002 - Normal delivery procedure (procedure)",NA
"791","pregnancy","177184002","Normal delivery procedure (procedure)","2016",254340,0.0372754645693294,"177184002 - Normal delivery procedure (procedure)",NA
"792","pregnancy","177184002","Normal delivery procedure (procedure)","2017",245980,0.0356262731815907,"177184002 - Normal delivery procedure (procedure)",NA
"793","pregnancy","177184002","Normal delivery procedure (procedure)","2018",240180,0.0362238949811702,"177184002 - Normal delivery procedure (procedure)",NA
"794","pregnancy","177184002","Normal delivery procedure (procedure)","2019",216190,0.0367332721650185,"177184002 - Normal delivery procedure (procedure)",NA
"795","pregnancy","177184002","Normal delivery procedure (procedure)","2020",220590,0.0373978019742391,"177184002 - Normal delivery procedure (procedure)",NA
"796","pregnancy","177184002","Normal delivery procedure (procedure)","2021",229180,0.0384800400952682,"177184002 - Normal delivery procedure (procedure)",NA
"797","pregnancy","177184002","Normal delivery procedure (procedure)","2022",225980,0.0365882486278192,"177184002 - Normal delivery procedure (procedure)",NA
"798","pregnancy","177184002","Normal delivery procedure (procedure)","2023",212130,0.0340802016568572,"177184002 - Normal delivery procedure (procedure)","177184002 - Normal delivery procedure (procedure)"
"799","pregnancy","18114009","Prenatal examination and care of mother (procedure)","2011",225770,0.0439663801396673,"18114009 - Prenatal examination and care of mother (procedure)",NA
"800","pregnancy","18114009","Prenatal examination and care of mother (procedure)","2012",183320,0.0355492467213131,"18114009 - Prenatal examination and care of mother (procedure)",NA
"801","pregnancy","18114009","Prenatal examination and care of mother (procedure)","2013",152200,0.0288678291563178,"18114009 - Prenatal examination and care of mother (procedure)",NA
"802","pregnancy","18114009","Prenatal examination and care of mother (procedure)","2014",137840,0.02480649172787,"18114009 - Prenatal examination and care of mother (procedure)",NA
"803","pregnancy","18114009","Prenatal examination and care of mother (procedure)","2015",130480,0.021558924366971,"18114009 - Prenatal examination and care of mother (procedure)",NA
"804","pregnancy","18114009","Prenatal examination and care of mother (procedure)","2016",141140,0.0206851422085207,"18114009 - Prenatal examination and care of mother (procedure)",NA
"805","pregnancy","18114009","Prenatal examination and care of mother (procedure)","2017",136130,0.0197162556639155,"18114009 - Prenatal examination and care of mother (procedure)",NA
"806","pregnancy","18114009","Prenatal examination and care of mother (procedure)","2018",122370,0.0184558165910808,"18114009 - Prenatal examination and care of mother (procedure)",NA
"807","pregnancy","18114009","Prenatal examination and care of mother (procedure)","2019",96320,0.0163659224521698,"18114009 - Prenatal examination and care of mother (procedure)",NA
"808","pregnancy","18114009","Prenatal examination and care of mother (procedure)","2020",91100,0.0154446700206409,"18114009 - Prenatal examination and care of mother (procedure)",NA
"809","pregnancy","18114009","Prenatal examination and care of mother (procedure)","2021",88250,0.0148174515158715,"18114009 - Prenatal examination and care of mother (procedure)",NA
"810","pregnancy","18114009","Prenatal examination and care of mother (procedure)","2022",86070,0.0139355277431472,"18114009 - Prenatal examination and care of mother (procedure)",NA
"811","pregnancy","18114009","Prenatal examination and care of mother (procedure)","2023",78290,0.0125778484312231,"18114009 - Prenatal examination and care of mother (procedure)","18114009 - Prenatal examination and care of mother (procedure)"
"812","pregnancy","309469004","Spontaneous vertex delivery (finding)","2011",95890,0.0186735890135656,"309469004 - Spontaneous vertex delivery (finding)",NA
"813","pregnancy","309469004","Spontaneous vertex delivery (finding)","2012",104910,0.0203440512411791,"309469004 - Spontaneous vertex delivery (finding)",NA
"814","pregnancy","309469004","Spontaneous vertex delivery (finding)","2013",115510,0.0219088235600937,"309469004 - Spontaneous vertex delivery (finding)",NA
"815","pregnancy","309469004","Spontaneous vertex delivery (finding)","2014",133730,0.0240668321152645,"309469004 - Spontaneous vertex delivery (finding)",NA
"816","pregnancy","309469004","Spontaneous vertex delivery (finding)","2015",144530,0.0238803750671238,"309469004 - Spontaneous vertex delivery (finding)",NA
"817","pregnancy","309469004","Spontaneous vertex delivery (finding)","2016",158450,0.0232220545765914,"309469004 - Spontaneous vertex delivery (finding)",NA
"818","pregnancy","309469004","Spontaneous vertex delivery (finding)","2017",161830,0.0234384900763348,"309469004 - Spontaneous vertex delivery (finding)",NA
"819","pregnancy","309469004","Spontaneous vertex delivery (finding)","2018",171020,0.0257931989327992,"309469004 - Spontaneous vertex delivery (finding)",NA
"820","pregnancy","309469004","Spontaneous vertex delivery (finding)","2019",165870,0.0281833010500561,"309469004 - Spontaneous vertex delivery (finding)",NA
"821","pregnancy","309469004","Spontaneous vertex delivery (finding)","2020",162140,0.0274884610005128,"309469004 - Spontaneous vertex delivery (finding)",NA
"822","pregnancy","309469004","Spontaneous vertex delivery (finding)","2021",161760,0.0271600108465424,"309469004 - Spontaneous vertex delivery (finding)",NA
"823","pregnancy","309469004","Spontaneous vertex delivery (finding)","2022",158940,0.0257338536016709,"309469004 - Spontaneous vertex delivery (finding)",NA
"824","pregnancy","309469004","Spontaneous vertex delivery (finding)","2023",158300,0.0254320271639113,"309469004 - Spontaneous vertex delivery (finding)","309469004 - Spontaneous vertex delivery (finding)"
"825","pregnancy","366323009","Finding of length of gestation (finding)","2011",99070,0.0192928612323907,"366323009 - Finding of length of gestation (finding)",NA
"826","pregnancy","366323009","Finding of length of gestation (finding)","2012",122770,0.0238074461050382,"366323009 - Finding of length of gestation (finding)",NA
"827","pregnancy","366323009","Finding of length of gestation (finding)","2013",141580,0.0268535299076969,"366323009 - Finding of length of gestation (finding)",NA
"828","pregnancy","366323009","Finding of length of gestation (finding)","2014",154900,0.0278767090006317,"366323009 - Finding of length of gestation (finding)",NA
"829","pregnancy","366323009","Finding of length of gestation (finding)","2015",168610,0.0278590606799124,"366323009 - Finding of length of gestation (finding)",NA
"830","pregnancy","366323009","Finding of length of gestation (finding)","2016",216410,0.0317165341175143,"366323009 - Finding of length of gestation (finding)",NA
"831","pregnancy","366323009","Finding of length of gestation (finding)","2017",234190,0.0339186800406404,"366323009 - Finding of length of gestation (finding)",NA
"832","pregnancy","366323009","Finding of length of gestation (finding)","2019",40,6.79647942365854e-06,"366323009 - Finding of length of gestation (finding)",NA
"833","pregnancy","366323009","Finding of length of gestation (finding)","2020",40,6.78141384001797e-06,"366323009 - Finding of length of gestation (finding)",NA
"834","pregnancy","366323009","Finding of length of gestation (finding)","2021",30,5.03709399972968e-06,"366323009 - Finding of length of gestation (finding)",NA
"835","pregnancy","366323009","Finding of length of gestation (finding)","2022",10,1.61909233683597e-06,"366323009 - Finding of length of gestation (finding)",NA
"836","pregnancy","366323009","Finding of length of gestation (finding)","2023",10,1.60657152014601e-06,"366323009 - Finding of length of gestation (finding)","366323009 - Finding of length of gestation (finding)"
"837","pregnancy","386639001","Termination of pregnancy (procedure)","2011",166510,0.0324261060240776,"386639001 - Termination of pregnancy (procedure)",NA
"838","pregnancy","386639001","Termination of pregnancy (procedure)","2012",159610,0.0309514252083176,"386639001 - Termination of pregnancy (procedure)",NA
"839","pregnancy","386639001","Termination of pregnancy (procedure)","2013",165560,0.0314018251978973,"386639001 - Termination of pregnancy (procedure)",NA
"840","pregnancy","386639001","Termination of pregnancy (procedure)","2014",170500,0.030684176143368,"386639001 - Termination of pregnancy (procedure)",NA
"841","pregnancy","386639001","Termination of pregnancy (procedure)","2015",169230,0.0279615019207733,"386639001 - Termination of pregnancy (procedure)",NA
"842","pregnancy","386639001","Termination of pregnancy (procedure)","2016",192630,0.0282313939608002,"386639001 - Termination of pregnancy (procedure)",NA
"843","pregnancy","386639001","Termination of pregnancy (procedure)","2017",193880,0.0280804205400716,"386639001 - Termination of pregnancy (procedure)",NA
"844","pregnancy","386639001","Termination of pregnancy (procedure)","2018",195360,0.0294641524003722,"386639001 - Termination of pregnancy (procedure)",NA
"845","pregnancy","386639001","Termination of pregnancy (procedure)","2019",177240,0.030115200326231,"386639001 - Termination of pregnancy (procedure)",NA
"846","pregnancy","386639001","Termination of pregnancy (procedure)","2020",162110,0.0274833749401328,"386639001 - Termination of pregnancy (procedure)",NA
"847","pregnancy","386639001","Termination of pregnancy (procedure)","2021",156960,0.0263540758065857,"386639001 - Termination of pregnancy (procedure)",NA
"848","pregnancy","386639001","Termination of pregnancy (procedure)","2022",166770,0.0270016029014135,"386639001 - Termination of pregnancy (procedure)",NA
"849","pregnancy","386639001","Termination of pregnancy (procedure)","2023",167830,0.0269630898226104,"386639001 - Termination of pregnancy (procedure)","386639001 - Termination of pregnancy (procedure)"
"850","pregnancy","424525001","Antenatal care (regime/therapy)","2011",381490,0.0742912448929516,"424525001 - Antenatal care (regime/therapy)",NA
"851","pregnancy","424525001","Antenatal care (regime/therapy)","2012",337590,0.0654651440140087,"424525001 - Antenatal care (regime/therapy)",NA
"852","pregnancy","424525001","Antenatal care (regime/therapy)","2013",188750,0.0358002809018067,"424525001 - Antenatal care (regime/therapy)",NA
"853","pregnancy","424525001","Antenatal care (regime/therapy)","2014",168680,0.0303566383100488,"424525001 - Antenatal care (regime/therapy)",NA
"854","pregnancy","424525001","Antenatal care (regime/therapy)","2015",158110,0.0261241686975918,"424525001 - Antenatal care (regime/therapy)",NA
"855","pregnancy","424525001","Antenatal care (regime/therapy)","2016",175750,0.0257575013684818,"424525001 - Antenatal care (regime/therapy)",NA
"856","pregnancy","424525001","Antenatal care (regime/therapy)","2017",164740,0.0238599570856787,"424525001 - Antenatal care (regime/therapy)",NA
"857","pregnancy","424525001","Antenatal care (regime/therapy)","2018",131310,0.0198041454324983,"424525001 - Antenatal care (regime/therapy)",NA
"858","pregnancy","424525001","Antenatal care (regime/therapy)","2019",108540,0.0184422469160975,"424525001 - Antenatal care (regime/therapy)",NA
"859","pregnancy","424525001","Antenatal care (regime/therapy)","2020",106870,0.018118242427068,"424525001 - Antenatal care (regime/therapy)",NA
"860","pregnancy","424525001","Antenatal care (regime/therapy)","2021",101790,0.0170908599410828,"424525001 - Antenatal care (regime/therapy)",NA
"861","pregnancy","424525001","Antenatal care (regime/therapy)","2022",108970,0.0176432491945016,"424525001 - Antenatal care (regime/therapy)",NA
"862","pregnancy","424525001","Antenatal care (regime/therapy)","2023",106460,0.0171035604034744,"424525001 - Antenatal care (regime/therapy)","424525001 - Antenatal care (regime/therapy)"
"863","pregnancy","48782003","Delivery normal (finding)","2011",163280,0.0317970968206798,"48782003 - Delivery normal (finding)",NA
"864","pregnancy","48782003","Delivery normal (finding)","2012",169350,0.0328401970993583,"48782003 - Delivery normal (finding)",NA
"865","pregnancy","48782003","Delivery normal (finding)","2013",184510,0.0349960785652575,"48782003 - Delivery normal (finding)",NA
"866","pregnancy","48782003","Delivery normal (finding)","2014",203770,0.0366716397227806,"48782003 - Delivery normal (finding)",NA
"867","pregnancy","48782003","Delivery normal (finding)","2015",188030,0.0310677847081664,"48782003 - Delivery normal (finding)",NA
"868","pregnancy","48782003","Delivery normal (finding)","2016",203230,0.0297849047119007,"48782003 - Delivery normal (finding)",NA
"869","pregnancy","48782003","Delivery normal (finding)","2017",254640,0.0368805358279546,"48782003 - Delivery normal (finding)",NA
"870","pregnancy","48782003","Delivery normal (finding)","2018",251090,0.0378693387909985,"48782003 - Delivery normal (finding)",NA
"871","pregnancy","48782003","Delivery normal (finding)","2019",224030,0.0380653821320556,"48782003 - Delivery normal (finding)",NA
"872","pregnancy","48782003","Delivery normal (finding)","2020",223050,0.0378148589254002,"48782003 - Delivery normal (finding)",NA
"873","pregnancy","48782003","Delivery normal (finding)","2021",226170,0.037974651663962,"48782003 - Delivery normal (finding)",NA
"874","pregnancy","48782003","Delivery normal (finding)","2022",224770,0.0363923384550621,"48782003 - Delivery normal (finding)",NA
"875","pregnancy","48782003","Delivery normal (finding)","2023",221640,0.0356080511725161,"48782003 - Delivery normal (finding)","48782003 - Delivery normal (finding)"
"876","pregnancy","526961000000105","Pregnancy advice for patients with epilepsy (procedure)","2011",55810,0.0108684221800719,"526961000000105 - Pregnancy advice for patients with epilepsy (procedure)",NA
"877","pregnancy","526961000000105","Pregnancy advice for patients with epilepsy (procedure)","2012",42990,0.00833658147801248,"526961000000105 - Pregnancy advice for patients with epilepsy (procedure)",NA
"878","pregnancy","526961000000105","Pregnancy advice for patients with epilepsy (procedure)","2013",46160,0.00875518392809217,"526961000000105 - Pregnancy advice for patients with epilepsy (procedure)",NA
"879","pregnancy","526961000000105","Pregnancy advice for patients with epilepsy (procedure)","2014",6750,0.0012147694367609,"526961000000105 - Pregnancy advice for patients with epilepsy (procedure)",NA
"880","pregnancy","526961000000105","Pregnancy advice for patients with epilepsy (procedure)","2015",5030,0.000831095873435499,"526961000000105 - Pregnancy advice for patients with epilepsy (procedure)",NA
"881","pregnancy","526961000000105","Pregnancy advice for patients with epilepsy (procedure)","2016",6110,0.000895467046153192,"526961000000105 - Pregnancy advice for patients with epilepsy (procedure)",NA
"882","pregnancy","526961000000105","Pregnancy advice for patients with epilepsy (procedure)","2017",6400,0.000926937752509068,"526961000000105 - Pregnancy advice for patients with epilepsy (procedure)",NA
"883","pregnancy","526961000000105","Pregnancy advice for patients with epilepsy (procedure)","2018",6040,0.000910951476751885,"526961000000105 - Pregnancy advice for patients with epilepsy (procedure)",NA
"884","pregnancy","526961000000105","Pregnancy advice for patients with epilepsy (procedure)","2019",16770,0.00284942399836884,"526961000000105 - Pregnancy advice for patients with epilepsy (procedure)",NA
"885","pregnancy","526961000000105","Pregnancy advice for patients with epilepsy (procedure)","2020",88790,0.0150530433713799,"526961000000105 - Pregnancy advice for patients with epilepsy (procedure)",NA
"886","pregnancy","526961000000105","Pregnancy advice for patients with epilepsy (procedure)","2021",118670,0.0199250648315974,"526961000000105 - Pregnancy advice for patients with epilepsy (procedure)",NA
"887","pregnancy","526961000000105","Pregnancy advice for patients with epilepsy (procedure)","2022",124410,0.0201431277625763,"526961000000105 - Pregnancy advice for patients with epilepsy (procedure)",NA
"888","pregnancy","526961000000105","Pregnancy advice for patients with epilepsy (procedure)","2023",124150,0.0199455854226127,"526961000000105 - Pregnancy advice for patients with epilepsy (procedure)","526961000000105 - Pregnancy advice for patients with epilepsy (procedure)"
"889","pregnancy","77386006","Pregnancy (finding)","2011",1182670,0.230312790892414,"77386006 - Pregnancy (finding)",NA
"890","pregnancy","77386006","Pregnancy (finding)","2012",1262850,0.244890716899467,"77386006 - Pregnancy (finding)",NA
"891","pregnancy","77386006","Pregnancy (finding)","2013",1384850,0.262665001360885,"77386006 - Pregnancy (finding)",NA
"892","pregnancy","77386006","Pregnancy (finding)","2014",1528520,0.275081389552263,"77386006 - Pregnancy (finding)",NA
"893","pregnancy","77386006","Pregnancy (finding)","2015",1658110,0.273965880457681,"77386006 - Pregnancy (finding)",NA
"894","pregnancy","77386006","Pregnancy (finding)","2016",1838750,0.269482820149621,"77386006 - Pregnancy (finding)",NA
"895","pregnancy","77386006","Pregnancy (finding)","2017",1826810,0.264584243072046,"77386006 - Pregnancy (finding)",NA
"896","pregnancy","77386006","Pregnancy (finding)","2021",1575040,0.264454151111141,"77386006 - Pregnancy (finding)",NA
"897","pregnancy","77386006","Pregnancy (finding)","2022",1640400,0.265595906934572,"77386006 - Pregnancy (finding)",NA
"898","pregnancy","77386006","Pregnancy (finding)","2023",1685660,0.270813334864932,"77386006 - Pregnancy (finding)","77386006 - Pregnancy (finding)"
"899","pregnancy","77386006","Pregnant (finding)","2018",1837770,0.277172068779853,"77386006 - Pregnant (finding)",NA
"900","pregnancy","77386006","Pregnant (finding)","2019",1605260,0.272752913990553,"77386006 - Pregnant (finding)",NA
"901","pregnancy","77386006","Pregnant (finding)","2020",1583160,0.268401578374071,"77386006 - Pregnant (finding)",NA
"902","pregnancy","956951000000104","Pertussis vaccination in pregnancy (procedure)","2011",40,7.78958765817731e-06,"956951000000104 - Pertussis vaccination in pregnancy (procedure)",NA
"903","pregnancy","956951000000104","Pertussis vaccination in pregnancy (procedure)","2012",270,5.23581530370638e-05,"956951000000104 - Pertussis vaccination in pregnancy (procedure)",NA
"904","pregnancy","956951000000104","Pertussis vaccination in pregnancy (procedure)","2013",260,4.93142942223563e-05,"956951000000104 - Pertussis vaccination in pregnancy (procedure)",NA
"905","pregnancy","956951000000104","Pertussis vaccination in pregnancy (procedure)","2014",24440,0.00439836519028688,"956951000000104 - Pertussis vaccination in pregnancy (procedure)",NA
"906","pregnancy","956951000000104","Pertussis vaccination in pregnancy (procedure)","2015",279050,0.0461068197777686,"956951000000104 - Pertussis vaccination in pregnancy (procedure)",NA
"907","pregnancy","956951000000104","Pertussis vaccination in pregnancy (procedure)","2016",376270,0.0551452349355256,"956951000000104 - Pertussis vaccination in pregnancy (procedure)",NA
"908","pregnancy","956951000000104","Pertussis vaccination in pregnancy (procedure)","2017",353160,0.051149583855641,"956951000000104 - Pertussis vaccination in pregnancy (procedure)",NA
"909","pregnancy","956951000000104","Pertussis vaccination in pregnancy (procedure)","2018",339660,0.0512274467870108,"956951000000104 - Pertussis vaccination in pregnancy (procedure)",NA
"910","pregnancy","956951000000104","Pertussis vaccination in pregnancy (procedure)","2019",304500,0.0517381996126007,"956951000000104 - Pertussis vaccination in pregnancy (procedure)",NA
"911","pregnancy","956951000000104","Pertussis vaccination in pregnancy (procedure)","2020",278970,0.0472952754737453,"956951000000104 - Pertussis vaccination in pregnancy (procedure)",NA
"912","pregnancy","956951000000104","Pertussis vaccination in pregnancy (procedure)","2021",271410,0.0455705894155544,"956951000000104 - Pertussis vaccination in pregnancy (procedure)",NA
"913","pregnancy","956951000000104","Pertussis vaccination in pregnancy (procedure)","2022",250780,0.0406035976231724,"956951000000104 - Pertussis vaccination in pregnancy (procedure)",NA
"914","pregnancy","956951000000104","Pertussis vaccination in pregnancy (procedure)","2023",237330,0.0381287618876251,"956951000000104 - Pertussis vaccination in pregnancy (procedure)","956951000000104 - Pertussis vaccination in pregnancy (procedure)"
"915","stillbirth","169827000","Single stillbirth (finding)","2011",2540,0.274298056155508,"169827000 - Single stillbirth (finding)",NA
"916","stillbirth","169827000","Single stillbirth (finding)","2012",2860,0.29979035639413,"169827000 - Single stillbirth (finding)",NA
"917","stillbirth","169827000","Single stillbirth (finding)","2013",3130,0.341330425299891,"169827000 - Single stillbirth (finding)",NA
"918","stillbirth","169827000","Single stillbirth (finding)","2014",3490,0.351460221550856,"169827000 - Single stillbirth (finding)",NA
"919","stillbirth","169827000","Single stillbirth (finding)","2015",3460,0.330625895843287,"169827000 - Single stillbirth (finding)",NA
"920","stillbirth","169827000","Single stillbirth (finding)","2016",3950,0.339347079037801,"169827000 - Single stillbirth (finding)",NA
"921","stillbirth","169827000","Single stillbirth (finding)","2017",3910,0.340592334494773,"169827000 - Single stillbirth (finding)",NA
"922","stillbirth","169827000","Single stillbirth (finding)","2018",4000,0.342759211653813,"169827000 - Single stillbirth (finding)",NA
"923","stillbirth","169827000","Single stillbirth (finding)","2019",3080,0.294455066921606,"169827000 - Single stillbirth (finding)",NA
"924","stillbirth","169827000","Single stillbirth (finding)","2020",2660,0.248482017748716,"169827000 - Single stillbirth (finding)",NA
"925","stillbirth","169827000","Single stillbirth (finding)","2021",2730,0.246167718665464,"169827000 - Single stillbirth (finding)",NA
"926","stillbirth","169827000","Single stillbirth (finding)","2022",2760,0.255673923112552,"169827000 - Single stillbirth (finding)",NA
"927","stillbirth","169827000","Single stillbirth (finding)","2023",2600,0.25012025012025,"169827000 - Single stillbirth (finding)","169827000 - Single stillbirth (finding)"
"928","stillbirth","169829002","Twins - one still and one live born (finding)","2011",130,0.0140388768898488,"169829002 - Twins - one still and one live born (finding)",NA
"929","stillbirth","169829002","Twins - one still and one live born (finding)","2012",160,0.0167714884696017,"169829002 - Twins - one still and one live born (finding)",NA
"930","stillbirth","169829002","Twins - one still and one live born (finding)","2013",140,0.0152671755725191,"169829002 - Twins - one still and one live born (finding)",NA
"931","stillbirth","169829002","Twins - one still and one live born (finding)","2014",130,0.013091641490433,"169829002 - Twins - one still and one live born (finding)",NA
"932","stillbirth","169829002","Twins - one still and one live born (finding)","2015",160,0.0152890587673196,"169829002 - Twins - one still and one live born (finding)",NA
"933","stillbirth","169829002","Twins - one still and one live born (finding)","2016",170,0.0146048109965636,"169829002 - Twins - one still and one live born (finding)",NA
"934","stillbirth","169829002","Twins - one still and one live born (finding)","2017",130,0.0113240418118467,"169829002 - Twins - one still and one live born (finding)",NA
"935","stillbirth","169829002","Twins - one still and one live born (finding)","2018",200,0.0171379605826907,"169829002 - Twins - one still and one live born (finding)",NA
"936","stillbirth","169829002","Twins - one still and one live born (finding)","2019",160,0.0152963671128107,"169829002 - Twins - one still and one live born (finding)",NA
"937","stillbirth","169829002","Twins - one still and one live born (finding)","2020",150,0.0140121438580103,"169829002 - Twins - one still and one live born (finding)",NA
"938","stillbirth","169829002","Twins - one still and one live born (finding)","2021",170,0.0153291253381425,"169829002 - Twins - one still and one live born (finding)",NA
"939","stillbirth","169829002","Twins - one still and one live born (finding)","2022",190,0.0176007410838351,"169829002 - Twins - one still and one live born (finding)",NA
"940","stillbirth","169829002","Twins - one still and one live born (finding)","2023",180,0.0173160173160173,"169829002 - Twins - one still and one live born (finding)","169829002 - Twins - one still and one live born (finding)"
"941","stillbirth","169830007","Twins - both stillborn (finding)","2011",80,0.00863930885529158,"169830007 - Twins - both stillborn (finding)",NA
"942","stillbirth","169830007","Twins - both stillborn (finding)","2012",70,0.00733752620545073,"169830007 - Twins - both stillborn (finding)",NA
"943","stillbirth","169830007","Twins - both stillborn (finding)","2013",80,0.00872410032715376,"169830007 - Twins - both stillborn (finding)",NA
"944","stillbirth","169830007","Twins - both stillborn (finding)","2014",80,0.0080563947633434,"169830007 - Twins - both stillborn (finding)",NA
"945","stillbirth","169830007","Twins - both stillborn (finding)","2015",120,0.0114667940754897,"169830007 - Twins - both stillborn (finding)",NA
"946","stillbirth","169830007","Twins - both stillborn (finding)","2016",100,0.00859106529209622,"169830007 - Twins - both stillborn (finding)",NA
"947","stillbirth","169830007","Twins - both stillborn (finding)","2017",80,0.00696864111498258,"169830007 - Twins - both stillborn (finding)",NA
"948","stillbirth","169830007","Twins - both stillborn (finding)","2018",100,0.00856898029134533,"169830007 - Twins - both stillborn (finding)",NA
"949","stillbirth","169830007","Twins - both stillborn (finding)","2019",80,0.00764818355640535,"169830007 - Twins - both stillborn (finding)",NA
"950","stillbirth","169830007","Twins - both stillborn (finding)","2020",80,0.00747314339093881,"169830007 - Twins - both stillborn (finding)",NA
"951","stillbirth","169830007","Twins - both stillborn (finding)","2021",90,0.00811541929666366,"169830007 - Twins - both stillborn (finding)",NA
"952","stillbirth","169830007","Twins - both stillborn (finding)","2022",70,0.00648448355720241,"169830007 - Twins - both stillborn (finding)",NA
"953","stillbirth","169830007","Twins - both stillborn (finding)","2023",80,0.0076960076960077,"169830007 - Twins - both stillborn (finding)","169830007 - Twins - both stillborn (finding)"
"954","stillbirth","199307003","Continuing pregnancy after intrauterine death of one or more fetuses (disorder)","2011",10,0.00107991360691145,"199307003 - Continuing pregnancy after intrauterine death of one or more fetuses (disorder)",NA
"955","stillbirth","199307003","Continuing pregnancy after intrauterine death of one or more fetuses (disorder)","2012",20,0.00209643605870021,"199307003 - Continuing pregnancy after intrauterine death of one or more fetuses (disorder)",NA
"956","stillbirth","199307003","Continuing pregnancy after intrauterine death of one or more fetuses (disorder)","2013",20,0.00218102508178844,"199307003 - Continuing pregnancy after intrauterine death of one or more fetuses (disorder)",NA
"957","stillbirth","199307003","Continuing pregnancy after intrauterine death of one or more fetuses (disorder)","2014",20,0.00201409869083585,"199307003 - Continuing pregnancy after intrauterine death of one or more fetuses (disorder)",NA
"958","stillbirth","199307003","Continuing pregnancy after intrauterine death of one or more fetuses (disorder)","2015",30,0.00286669851887243,"199307003 - Continuing pregnancy after intrauterine death of one or more fetuses (disorder)",NA
"959","stillbirth","199307003","Continuing pregnancy after intrauterine death of one or more fetuses (disorder)","2016",40,0.00343642611683849,"199307003 - Continuing pregnancy after intrauterine death of one or more fetuses (disorder)",NA
"960","stillbirth","199307003","Continuing pregnancy after intrauterine death of one or more fetuses (disorder)","2017",20,0.00174216027874564,"199307003 - Continuing pregnancy after intrauterine death of one or more fetuses (disorder)",NA
"961","stillbirth","199307003","Continuing pregnancy after intrauterine death of one or more fetuses (disorder)","2018",20,0.00171379605826907,"199307003 - Continuing pregnancy after intrauterine death of one or more fetuses (disorder)",NA
"962","stillbirth","199307003","Continuing pregnancy after intrauterine death of one or more fetuses (disorder)","2019",30,0.00286806883365201,"199307003 - Continuing pregnancy after intrauterine death of one or more fetuses (disorder)",NA
"963","stillbirth","199307003","Continuing pregnancy after intrauterine death of one or more fetuses (disorder)","2020",40,0.00373657169546941,"199307003 - Continuing pregnancy after intrauterine death of one or more fetuses (disorder)",NA
"964","stillbirth","199307003","Continuing pregnancy after intrauterine death of one or more fetuses (disorder)","2021",20,0.0018034265103697,"199307003 - Continuing pregnancy after intrauterine death of one or more fetuses (disorder)",NA
"965","stillbirth","199307003","Continuing pregnancy after intrauterine death of one or more fetuses (disorder)","2022",10,0.000926354793886058,"199307003 - Continuing pregnancy after intrauterine death of one or more fetuses (disorder)",NA
"966","stillbirth","199307003","Continuing pregnancy after intrauterine death of one or more fetuses (disorder)","2023",30,0.00288600288600289,"199307003 - Continuing pregnancy after intrauterine death of one or more fetuses (disorder)","199307003 - Continuing pregnancy after intrauterine death of one or more fetuses (disorder)"
"967","stillbirth","199607009","Intrauterine death - delivered (event)","2011",360,0.0388768898488121,"199607009 - Intrauterine death - delivered (event)",NA
"968","stillbirth","199607009","Intrauterine death - delivered (event)","2012",360,0.0377358490566038,"199607009 - Intrauterine death - delivered (event)",NA
"969","stillbirth","199607009","Intrauterine death - delivered (event)","2013",350,0.0381679389312977,"199607009 - Intrauterine death - delivered (event)",NA
"970","stillbirth","199607009","Intrauterine death - delivered (event)","2014",330,0.0332326283987915,"199607009 - Intrauterine death - delivered (event)",NA
"971","stillbirth","199607009","Intrauterine death - delivered (event)","2015",350,0.0334448160535117,"199607009 - Intrauterine death - delivered (event)",NA
"972","stillbirth","199607009","Intrauterine death - delivered (event)","2016",410,0.0352233676975945,"199607009 - Intrauterine death - delivered (event)",NA
"973","stillbirth","199607009","Intrauterine death - delivered (event)","2017",400,0.0348432055749129,"199607009 - Intrauterine death - delivered (event)",NA
"974","stillbirth","199607009","Intrauterine death - delivered (event)","2018",390,0.0334190231362468,"199607009 - Intrauterine death - delivered (event)",NA
"975","stillbirth","199607009","Intrauterine death - delivered (event)","2019",640,0.0611854684512428,"199607009 - Intrauterine death - delivered (event)",NA
"976","stillbirth","199607009","Intrauterine death - delivered (event)","2020",810,0.0756655768332555,"199607009 - Intrauterine death - delivered (event)",NA
"977","stillbirth","199607009","Intrauterine death - delivered (event)","2021",810,0.073038773669973,"199607009 - Intrauterine death - delivered (event)",NA
"978","stillbirth","199607009","Intrauterine death - delivered (event)","2022",770,0.0713293191292265,"199607009 - Intrauterine death - delivered (event)",NA
"979","stillbirth","199607009","Intrauterine death - delivered (event)","2023",320,0.0307840307840308,"199607009 - Intrauterine death - delivered (event)","199607009 - Intrauterine death - delivered (event)"
"980","stillbirth","199608004","Intrauterine death with antenatal problem (event)","2011",30,0.00323974082073434,"199608004 - Intrauterine death with antenatal problem (event)",NA
"981","stillbirth","199608004","Intrauterine death with antenatal problem (event)","2012",30,0.00314465408805031,"199608004 - Intrauterine death with antenatal problem (event)",NA
"982","stillbirth","199608004","Intrauterine death with antenatal problem (event)","2013",20,0.00218102508178844,"199608004 - Intrauterine death with antenatal problem (event)",NA
"983","stillbirth","199608004","Intrauterine death with antenatal problem (event)","2014",30,0.00302114803625378,"199608004 - Intrauterine death with antenatal problem (event)",NA
"984","stillbirth","199608004","Intrauterine death with antenatal problem (event)","2015",40,0.00382226469182991,"199608004 - Intrauterine death with antenatal problem (event)",NA
"985","stillbirth","199608004","Intrauterine death with antenatal problem (event)","2016",20,0.00171821305841924,"199608004 - Intrauterine death with antenatal problem (event)",NA
"986","stillbirth","199608004","Intrauterine death with antenatal problem (event)","2017",20,0.00174216027874564,"199608004 - Intrauterine death with antenatal problem (event)",NA
"987","stillbirth","199608004","Intrauterine death with antenatal problem (event)","2018",20,0.00171379605826907,"199608004 - Intrauterine death with antenatal problem (event)",NA
"988","stillbirth","199608004","Intrauterine death with antenatal problem (event)","2019",60,0.00573613766730402,"199608004 - Intrauterine death with antenatal problem (event)",NA
"989","stillbirth","199608004","Intrauterine death with antenatal problem (event)","2020",80,0.00747314339093881,"199608004 - Intrauterine death with antenatal problem (event)",NA
"990","stillbirth","199608004","Intrauterine death with antenatal problem (event)","2021",90,0.00811541929666366,"199608004 - Intrauterine death with antenatal problem (event)",NA
"991","stillbirth","199608004","Intrauterine death with antenatal problem (event)","2022",80,0.00741083835108847,"199608004 - Intrauterine death with antenatal problem (event)",NA
"992","stillbirth","199608004","Intrauterine death with antenatal problem (event)","2023",210,0.0202020202020202,"199608004 - Intrauterine death with antenatal problem (event)","199608004 - Intrauterine death with antenatal problem (event)"
"993","stillbirth","237361005","Antepartum fetal death (event)","2011",10,0.00107991360691145,"237361005 - Antepartum fetal death (event)",NA
"994","stillbirth","237361005","Antepartum fetal death (event)","2012",10,0.0010482180293501,"237361005 - Antepartum fetal death (event)",NA
"995","stillbirth","237361005","Antepartum fetal death (event)","2013",10,0.00109051254089422,"237361005 - Antepartum fetal death (event)",NA
"996","stillbirth","237361005","Antepartum fetal death (event)","2014",10,0.00100704934541793,"237361005 - Antepartum fetal death (event)",NA
"997","stillbirth","237361005","Antepartum fetal death (event)","2015",10,0.000955566172957477,"237361005 - Antepartum fetal death (event)",NA
"998","stillbirth","237361005","Antepartum fetal death (event)","2016",20,0.00171821305841924,"237361005 - Antepartum fetal death (event)",NA
"999","stillbirth","237361005","Antepartum fetal death (event)","2017",20,0.00174216027874564,"237361005 - Antepartum fetal death (event)",NA
"1000","stillbirth","237361005","Antepartum fetal death (event)","2018",50,0.00428449014567267,"237361005 - Antepartum fetal death (event)",NA
"1001","stillbirth","237361005","Antepartum fetal death (event)","2019",50,0.00478011472275335,"237361005 - Antepartum fetal death (event)",NA
"1002","stillbirth","237361005","Antepartum fetal death (event)","2020",100,0.00934142923867352,"237361005 - Antepartum fetal death (event)",NA
"1003","stillbirth","237361005","Antepartum fetal death (event)","2021",60,0.00541027953110911,"237361005 - Antepartum fetal death (event)",NA
"1004","stillbirth","237361005","Antepartum fetal death (event)","2022",60,0.00555812876331635,"237361005 - Antepartum fetal death (event)",NA
"1005","stillbirth","237361005","Antepartum fetal death (event)","2023",30,0.00288600288600289,"237361005 - Antepartum fetal death (event)","237361005 - Antepartum fetal death (event)"
"1006","stillbirth","237363008","Intrauterine death of one twin (event)","2011",10,0.00107991360691145,"237363008 - Intrauterine death of one twin (event)",NA
"1007","stillbirth","237363008","Intrauterine death of one twin (event)","2012",30,0.00314465408805031,"237363008 - Intrauterine death of one twin (event)",NA
"1008","stillbirth","237363008","Intrauterine death of one twin (event)","2013",30,0.00327153762268266,"237363008 - Intrauterine death of one twin (event)",NA
"1009","stillbirth","237363008","Intrauterine death of one twin (event)","2014",40,0.0040281973816717,"237363008 - Intrauterine death of one twin (event)",NA
"1010","stillbirth","237363008","Intrauterine death of one twin (event)","2015",40,0.00382226469182991,"237363008 - Intrauterine death of one twin (event)",NA
"1011","stillbirth","237363008","Intrauterine death of one twin (event)","2016",40,0.00343642611683849,"237363008 - Intrauterine death of one twin (event)",NA
"1012","stillbirth","237363008","Intrauterine death of one twin (event)","2017",50,0.00435540069686411,"237363008 - Intrauterine death of one twin (event)",NA
"1013","stillbirth","237363008","Intrauterine death of one twin (event)","2018",70,0.00599828620394173,"237363008 - Intrauterine death of one twin (event)",NA
"1014","stillbirth","237363008","Intrauterine death of one twin (event)","2019",110,0.0105162523900574,"237363008 - Intrauterine death of one twin (event)",NA
"1015","stillbirth","237363008","Intrauterine death of one twin (event)","2020",110,0.0102755721625409,"237363008 - Intrauterine death of one twin (event)",NA
"1016","stillbirth","237363008","Intrauterine death of one twin (event)","2021",90,0.00811541929666366,"237363008 - Intrauterine death of one twin (event)",NA
"1017","stillbirth","237363008","Intrauterine death of one twin (event)","2022",100,0.00926354793886058,"237363008 - Intrauterine death of one twin (event)",NA
"1018","stillbirth","237363008","Intrauterine death of one twin (event)","2023",120,0.0115440115440115,"237363008 - Intrauterine death of one twin (event)","237363008 - Intrauterine death of one twin (event)"
"1019","stillbirth","237364002","Stillbirth (finding)","2011",3270,0.353131749460043,"237364002 - Stillbirth (finding)",NA
"1020","stillbirth","237364002","Stillbirth (finding)","2012",3090,0.323899371069182,"237364002 - Stillbirth (finding)",NA
"1021","stillbirth","237364002","Stillbirth (finding)","2013",2760,0.300981461286805,"237364002 - Stillbirth (finding)",NA
"1022","stillbirth","237364002","Stillbirth (finding)","2014",3030,0.305135951661631,"237364002 - Stillbirth (finding)",NA
"1023","stillbirth","237364002","Stillbirth (finding)","2015",3200,0.305781175346393,"237364002 - Stillbirth (finding)",NA
"1024","stillbirth","237364002","Stillbirth (finding)","2016",3630,0.311855670103093,"237364002 - Stillbirth (finding)",NA
"1025","stillbirth","237364002","Stillbirth (finding)","2017",3660,0.318815331010453,"237364002 - Stillbirth (finding)",NA
"1026","stillbirth","237364002","Stillbirth (finding)","2018",3730,0.319622964867181,"237364002 - Stillbirth (finding)",NA
"1027","stillbirth","237364002","Stillbirth (finding)","2019",3730,0.3565965583174,"237364002 - Stillbirth (finding)",NA
"1028","stillbirth","237364002","Stillbirth (finding)","2020",4400,0.411022886501635,"237364002 - Stillbirth (finding)",NA
"1029","stillbirth","237364002","Stillbirth (finding)","2021",4620,0.416591523895401,"237364002 - Stillbirth (finding)",NA
"1030","stillbirth","237364002","Stillbirth (finding)","2022",4480,0.415006947660954,"237364002 - Stillbirth (finding)",NA
"1031","stillbirth","237364002","Stillbirth (finding)","2023",4530,0.435786435786436,"237364002 - Stillbirth (finding)","237364002 - Stillbirth (finding)"
"1032","stillbirth","237365001","Fresh stillbirth (finding)","2011",30,0.00323974082073434,"237365001 - Fresh stillbirth (finding)",NA
"1033","stillbirth","237365001","Fresh stillbirth (finding)","2012",30,0.00314465408805031,"237365001 - Fresh stillbirth (finding)",NA
"1034","stillbirth","237365001","Fresh stillbirth (finding)","2013",30,0.00327153762268266,"237365001 - Fresh stillbirth (finding)",NA
"1035","stillbirth","237365001","Fresh stillbirth (finding)","2014",10,0.00100704934541793,"237365001 - Fresh stillbirth (finding)",NA
"1036","stillbirth","237365001","Fresh stillbirth (finding)","2015",30,0.00286669851887243,"237365001 - Fresh stillbirth (finding)",NA
"1037","stillbirth","237365001","Fresh stillbirth (finding)","2016",20,0.00171821305841924,"237365001 - Fresh stillbirth (finding)",NA
"1038","stillbirth","237365001","Fresh stillbirth (finding)","2017",40,0.00348432055749129,"237365001 - Fresh stillbirth (finding)",NA
"1039","stillbirth","237365001","Fresh stillbirth (finding)","2018",20,0.00171379605826907,"237365001 - Fresh stillbirth (finding)",NA
"1040","stillbirth","237365001","Fresh stillbirth (finding)","2019",30,0.00286806883365201,"237365001 - Fresh stillbirth (finding)",NA
"1041","stillbirth","237365001","Fresh stillbirth (finding)","2020",40,0.00373657169546941,"237365001 - Fresh stillbirth (finding)",NA
"1042","stillbirth","237365001","Fresh stillbirth (finding)","2021",20,0.0018034265103697,"237365001 - Fresh stillbirth (finding)",NA
"1043","stillbirth","237365001","Fresh stillbirth (finding)","2022",20,0.00185270958777212,"237365001 - Fresh stillbirth (finding)",NA
"1044","stillbirth","237365001","Fresh stillbirth (finding)","2023",20,0.00192400192400192,"237365001 - Fresh stillbirth (finding)","237365001 - Fresh stillbirth (finding)"
"1045","stillbirth","237366000","Macerated stillbirth (finding)","2011",70,0.00755939524838013,"237366000 - Macerated stillbirth (finding)",NA
"1046","stillbirth","237366000","Macerated stillbirth (finding)","2012",70,0.00733752620545073,"237366000 - Macerated stillbirth (finding)",NA
"1047","stillbirth","237366000","Macerated stillbirth (finding)","2013",60,0.00654307524536532,"237366000 - Macerated stillbirth (finding)",NA
"1048","stillbirth","237366000","Macerated stillbirth (finding)","2014",40,0.0040281973816717,"237366000 - Macerated stillbirth (finding)",NA
"1049","stillbirth","237366000","Macerated stillbirth (finding)","2015",60,0.00573339703774486,"237366000 - Macerated stillbirth (finding)",NA
"1050","stillbirth","237366000","Macerated stillbirth (finding)","2016",70,0.00601374570446735,"237366000 - Macerated stillbirth (finding)",NA
"1051","stillbirth","237366000","Macerated stillbirth (finding)","2017",70,0.00609756097560976,"237366000 - Macerated stillbirth (finding)",NA
"1052","stillbirth","237366000","Macerated stillbirth (finding)","2018",60,0.0051413881748072,"237366000 - Macerated stillbirth (finding)",NA
"1053","stillbirth","237366000","Macerated stillbirth (finding)","2019",60,0.00573613766730402,"237366000 - Macerated stillbirth (finding)",NA
"1054","stillbirth","237366000","Macerated stillbirth (finding)","2020",80,0.00747314339093881,"237366000 - Macerated stillbirth (finding)",NA
"1055","stillbirth","237366000","Macerated stillbirth (finding)","2021",60,0.00541027953110911,"237366000 - Macerated stillbirth (finding)",NA
"1056","stillbirth","237366000","Macerated stillbirth (finding)","2022",60,0.00555812876331635,"237366000 - Macerated stillbirth (finding)",NA
"1057","stillbirth","237366000","Macerated stillbirth (finding)","2023",60,0.00577200577200577,"237366000 - Macerated stillbirth (finding)","237366000 - Macerated stillbirth (finding)"
"1058","stillbirth","445548006","Dead fetus in utero (finding)","2011",2670,0.288336933045356,"445548006 - Dead fetus in utero (finding)",NA
"1059","stillbirth","445548006","Dead fetus in utero (finding)","2012",2750,0.288259958071279,"445548006 - Dead fetus in utero (finding)",NA
"1060","stillbirth","445548006","Dead fetus in utero (finding)","2013",2490,0.271537622682661,"445548006 - Dead fetus in utero (finding)",NA
"1061","stillbirth","445548006","Dead fetus in utero (finding)","2014",2600,0.261832829808661,"445548006 - Dead fetus in utero (finding)",NA
"1062","stillbirth","445548006","Dead fetus in utero (finding)","2015",2730,0.260869565217391,"445548006 - Dead fetus in utero (finding)",NA
"1063","stillbirth","445548006","Dead fetus in utero (finding)","2016",2900,0.24914089347079,"445548006 - Dead fetus in utero (finding)",NA
"1064","stillbirth","445548006","Dead fetus in utero (finding)","2017",2800,0.24390243902439,"445548006 - Dead fetus in utero (finding)",NA
"1065","stillbirth","445548006","Dead fetus in utero (finding)","2018",2690,0.230505569837189,"445548006 - Dead fetus in utero (finding)",NA
"1066","stillbirth","445548006","Dead fetus in utero (finding)","2019",2050,0.195984703632887,"445548006 - Dead fetus in utero (finding)",NA
"1067","stillbirth","445548006","Dead fetus in utero (finding)","2020",1680,0.156936011209715,"445548006 - Dead fetus in utero (finding)",NA
"1068","stillbirth","445548006","Dead fetus in utero (finding)","2021",1740,0.156898106402164,"445548006 - Dead fetus in utero (finding)",NA
"1069","stillbirth","445548006","Dead fetus in utero (finding)","2022",1690,0.156553960166744,"445548006 - Dead fetus in utero (finding)",NA
"1070","stillbirth","445548006","Dead fetus in utero (finding)","2023",1590,0.152958152958153,"445548006 - Dead fetus in utero (finding)","445548006 - Dead fetus in utero (finding)"
"1071","stillbirth","67313008","Fetal death due to termination of pregnancy (event)","2011",30,0.00323974082073434,"67313008 - Fetal death due to termination of pregnancy (event)",NA
"1072","stillbirth","67313008","Fetal death due to termination of pregnancy (event)","2012",40,0.00419287211740042,"67313008 - Fetal death due to termination of pregnancy (event)",NA
"1073","stillbirth","67313008","Fetal death due to termination of pregnancy (event)","2013",30,0.00327153762268266,"67313008 - Fetal death due to termination of pregnancy (event)",NA
"1074","stillbirth","67313008","Fetal death due to termination of pregnancy (event)","2014",30,0.00302114803625378,"67313008 - Fetal death due to termination of pregnancy (event)",NA
"1075","stillbirth","67313008","Fetal death due to termination of pregnancy (event)","2015",50,0.00477783086478739,"67313008 - Fetal death due to termination of pregnancy (event)",NA
"1076","stillbirth","67313008","Fetal death due to termination of pregnancy (event)","2016",60,0.00515463917525773,"67313008 - Fetal death due to termination of pregnancy (event)",NA
"1077","stillbirth","67313008","Fetal death due to termination of pregnancy (event)","2017",70,0.00609756097560976,"67313008 - Fetal death due to termination of pregnancy (event)",NA
"1078","stillbirth","67313008","Fetal death due to termination of pregnancy (event)","2018",50,0.00428449014567267,"67313008 - Fetal death due to termination of pregnancy (event)",NA
"1079","stillbirth","67313008","Fetal death due to termination of pregnancy (event)","2019",30,0.00286806883365201,"67313008 - Fetal death due to termination of pregnancy (event)",NA
"1080","stillbirth","67313008","Fetal death due to termination of pregnancy (event)","2020",50,0.00467071461933676,"67313008 - Fetal death due to termination of pregnancy (event)",NA
"1081","stillbirth","67313008","Fetal death due to termination of pregnancy (event)","2021",40,0.0036068530207394,"67313008 - Fetal death due to termination of pregnancy (event)",NA
"1082","stillbirth","67313008","Fetal death due to termination of pregnancy (event)","2022",30,0.00277906438165818,"67313008 - Fetal death due to termination of pregnancy (event)",NA
"1083","stillbirth","67313008","Fetal death due to termination of pregnancy (event)","2023",50,0.00481000481000481,"67313008 - Fetal death due to termination of pregnancy (event)","67313008 - Fetal death due to termination of pregnancy (event)"
"1084","stillbirth","713202001","Antepartum stillbirth (finding)","2014",50,0.00503524672708963,"713202001 - Antepartum stillbirth (finding)",NA
"1085","stillbirth","713202001","Antepartum stillbirth (finding)","2015",110,0.0105112279025323,"713202001 - Antepartum stillbirth (finding)",NA
"1086","stillbirth","713202001","Antepartum stillbirth (finding)","2016",150,0.0128865979381443,"713202001 - Antepartum stillbirth (finding)",NA
"1087","stillbirth","713202001","Antepartum stillbirth (finding)","2017",150,0.0130662020905923,"713202001 - Antepartum stillbirth (finding)",NA
"1088","stillbirth","713202001","Antepartum stillbirth (finding)","2018",170,0.0145672664952871,"713202001 - Antepartum stillbirth (finding)",NA
"1089","stillbirth","713202001","Antepartum stillbirth (finding)","2019",230,0.0219885277246654,"713202001 - Antepartum stillbirth (finding)",NA
"1090","stillbirth","713202001","Antepartum stillbirth (finding)","2020",260,0.0242877160205511,"713202001 - Antepartum stillbirth (finding)",NA
"1091","stillbirth","713202001","Antepartum stillbirth (finding)","2021",390,0.0351668169522092,"713202001 - Antepartum stillbirth (finding)",NA
"1092","stillbirth","713202001","Antepartum stillbirth (finding)","2022",320,0.0296433534043539,"713202001 - Antepartum stillbirth (finding)",NA
"1093","stillbirth","713202001","Antepartum stillbirth (finding)","2023",420,0.0404040404040404,"713202001 - Antepartum stillbirth (finding)","713202001 - Antepartum stillbirth (finding)"
"1094","stillbirth","921611000000101","Intrapartum stillbirth (finding)","2014",20,0.00201409869083585,"921611000000101 - Intrapartum stillbirth (finding)",NA
"1095","stillbirth","921611000000101","Intrapartum stillbirth (finding)","2015",60,0.00573339703774486,"921611000000101 - Intrapartum stillbirth (finding)",NA
"1096","stillbirth","921611000000101","Intrapartum stillbirth (finding)","2016",40,0.00343642611683849,"921611000000101 - Intrapartum stillbirth (finding)",NA
"1097","stillbirth","921611000000101","Intrapartum stillbirth (finding)","2017",30,0.00261324041811847,"921611000000101 - Intrapartum stillbirth (finding)",NA
"1098","stillbirth","921611000000101","Intrapartum stillbirth (finding)","2018",50,0.00428449014567267,"921611000000101 - Intrapartum stillbirth (finding)",NA
"1099","stillbirth","921611000000101","Intrapartum stillbirth (finding)","2019",50,0.00478011472275335,"921611000000101 - Intrapartum stillbirth (finding)",NA
"1100","stillbirth","921611000000101","Intrapartum stillbirth (finding)","2020",60,0.00560485754320411,"921611000000101 - Intrapartum stillbirth (finding)",NA
"1101","stillbirth","921611000000101","Intrapartum stillbirth (finding)","2021",50,0.00450856627592426,"921611000000101 - Intrapartum stillbirth (finding)",NA
"1102","stillbirth","921611000000101","Intrapartum stillbirth (finding)","2022",50,0.00463177396943029,"921611000000101 - Intrapartum stillbirth (finding)",NA
"1103","stillbirth","921611000000101","Intrapartum stillbirth (finding)","2023",60,0.00577200577200577,"921611000000101 - Intrapartum stillbirth (finding)","921611000000101 - Intrapartum stillbirth (finding)"
